authorDisplayName,textDisplay,likeCount,publishedAt
@mazhararyan,Google pixel 9 pro XL please please please please please please please please please please please please,0,2026-07-17T15:00:52Z
@DTLABS-07,asus rog x real r1 i think can cook any vr headset please make a review oh those because price difference is huge,0,2026-07-14T20:33:37Z
@renegeerlings5445,"I have seen these ski glasses on a episode of Star Trek 
The Original Series 
Back in the Sixties",0,2026-07-12T13:48:53Z
@SVBlueFlyer,Not being able to use the YouTube Premium account/app - for when I'm flying - makes this a deal breaker. Shame,0,2026-07-12T09:24:09Z
@jasperknaeps2562,The pas trough is creepy at first i think 😂😅,0,2026-07-06T21:36:39Z
@Roblox_tales123,I can’t even share the pain knowing I can afford this but my parents will NEVER get me this…😭💔,0,2026-07-03T17:41:39Z
@yarmuhammadswati3565,Bada behtarin video aur bahut hi achcha bahut Hi pyara bahut hi jabardast video,0,2026-07-02T06:16:03Z
@Lordvernadian-q5n,I’m a believer. Develop it or else I will:,0,2026-07-01T16:08:43Z
@SBiswas-j3g6k,"Perhaps the most distinctive announcement is a new wheelchair control feature for Apple Vision Pro.For power wheelchair users who can not operate a standard joystick, the headset's precision eye tracking system can now be used to control compatible drive systems.
The feature launches with supporter for alternative drive systems ,Tolt and LUCI ,,in the US with both Bluetooth and wired connection options.
Eye tracking on Vision Pro does not require frequent recalibration and is designed to function across varying lighting conditions,, practical considerations that matter significantly for day to day use outside controlled environments...",0,2026-06-22T13:14:03Z
@Texg1rl_,"You have to ask yourself. Do I really need this?
Personally I wish they had come up with a way for the glasses to be tuned for you to see better.
Gamer fad and elite thing.",0,2026-06-17T17:31:41Z
@vrijay,Hindi 👍,0,2026-06-17T11:52:04Z
@isaacsvlogs,Could you send me a pair? Genuinely,0,2026-06-12T17:33:56Z
@Paniekzaaiertje,Kind of a gay product but let’s see if they will make it good in the future,0,2026-05-31T21:22:59Z
@KingNnabUkingNoble,"Great job, this video was very useful!",0,2026-05-19T11:13:18Z
@thetruth981,Seems overpriced and worthless. I can think of a lot of better things to spend 4K on.,0,2026-05-17T22:28:34Z
@YaroslavLihach-s5i,а под водой можно плавать в них?,0,2026-04-27T22:06:32Z
@joshs3916,🎉,0,2026-04-23T23:27:01Z
@henrykgames2296,Where is The portuguese,0,2026-04-23T20:05:50Z
@KidLucci22,Domain Expansion,0,2026-04-22T17:35:09Z
@SorinEnache-h9h,super technologyyyyyyyyyyyyy,0,2026-04-16T08:44:47Z
@SoCalPeteyPablo,00:21 looking at the digital eyes is so uncanny.,0,2026-04-02T07:41:41Z
@j0nnyism,I think I’d rather spend the money on a new MacBook pro,0,2026-04-01T16:28:34Z
@emiliahane,31:07 it’s so tiring that the passing criteria for products is “it should work for white skin”. feels ancient. companies are losing money by the hour because of this bad product-market fit.,0,2026-03-28T02:05:56Z
@lyessii,2 ans deja,0,2026-03-26T11:42:58Z
@cuteduckdontlie4636,Boring video 🥱 it starts around 08:00 👍,0,2026-03-25T11:32:06Z
@trexinvert,Industry plant.,0,2026-03-19T04:21:09Z
@profootballer574,is apple racist🤣 @30:44,0,2026-03-18T21:04:53Z
@Firecat3752,"Well it’s a gen 1 product
Obviously it’s not gonna be great",0,2026-03-17T02:36:15Z
@ootje7076,"In the meanwhile you have better avatars and you can look in the palm for the apps and turn to open the control panel. So it is, as expected, better than at the time of this video. You can also use all fingers to type and YouTube is finally available. The worst is that it’s still not supported in the Netherlands…..",0,2026-03-10T19:02:41Z
@TALKCalgary-2,"Even Apple fanboys must realize you can get a far better immersive movie watching experience for fraction of the price. Also, what if you wear eye glasses?",0,2026-03-06T04:08:32Z
@catonmahkeybord5967,so it does nothing???,0,2026-03-02T12:05:15Z
@andyericson3861,I've been saving for the Vision Pro ... I have the Quest 3 that I use as a large portable laptop screen for work and also entertainment. Vision Pro is going to be a huge step up. Hint: buy a 3rd party headset. way better than what comes with these headsets,0,2026-02-27T22:36:57Z
@a.s945,Next add on is icrotch,0,2026-02-13T19:19:50Z
@SenegalSunflower,"Peak is when this kind of technology can be somehow implanted or merged with your mind, so that you can effectively 'live' within a simulated world. What if this is already happening?",0,2026-02-09T11:08:41Z
@bernardovelosa,This being a two year old video caught me off guard…how has it been two years 🥺,0,2026-02-07T23:52:00Z
@elrello,Weird,0,2026-02-04T15:41:53Z
@Obliq-t7s,Looks like you are about to go skiing,1,2026-02-03T16:32:50Z
@SanDiegoNick,What are these for what do they do,0,2026-01-31T00:33:43Z
@laurenterry1711,"All those times in school they told us not to look down at the keyboard, wasted.",0,2026-01-30T05:28:16Z
@laurenterry1711,"VR on the moon is the 2020s equivalent of 90s “the internet” and I’m here for it.
Seeing a full scale formula one car in your living room is the 2020s equivalent of the lighter app in 2008, and again, here for it.",0,2026-01-30T05:25:55Z
@asc8048,"People hate on Apple for making the same thing every year, and then they make something new. Then people just cry about it being weird. Obviously nobody is going to wear this in public, they know that. It’s just an interesting new thing",0,2026-01-28T01:35:43Z
@TeddyBoy7796,No Netflix or YouTube????? That’s me 100% out then.,0,2026-01-26T15:50:00Z
@judevictorious2564,"So if I'm traveling this thing. I want to turn it off and put it in my backpack. I have to actually unplug it. And then all the dust bunnies crawl into it. And then I have to maintain it by sending it in to have it cleaned out. It has buttons. You hold one down, it turns off Apple. Where you at on this?3500 for a durty ear plug,,,",0,2026-01-25T18:13:24Z
@safgs7753,32:48 what happens if you smoke? Or put anything in your mouth for that matter 😂,0,2026-01-25T01:33:53Z
@rooneye,I can read my texts from iphone with the headset on though this is the new Vision Pro 2,0,2026-01-24T17:52:07Z
@NoxAeterna03,Apple should’ve given us Evokers to unlock our personas☹️,0,2026-01-21T02:30:15Z
@t.c.tastersroll1production956,So meta quest 3-3s does this but for half the cost,0,2026-01-18T23:23:39Z
@DaveFromBrooklyn,"Terrible. It’s way too heavy and screen visuals are akin to 2009’s Avatar. I’m not $500 META equivalent, much less Apple’s $3+K price tag",0,2026-01-17T16:42:28Z
@eliedelorme9945,"Je viens de faire une démo à l’Apple store et croyez moi c’est une dinguerie c’est la meilleure inovation technologique depuis l’apparition du premier smartphone ! C’est le cinéma à domicile, l’immersion est incroyable vous êtes au milieu du paysage en haut de la montagne au dessus des nuages et tout autour les rochers, vous êtes sur scène avec les musiciens que vous pouvez toucher, vous êtes sur au bord de la piste d’un Grand Prix moto et aussi avec le pilote en train de se préparer dans la même pièce, vraiment impressionnant, vous restez en liaison avec les votres qui sont dans la pièce il suffit de regarder dans leur direction pour qu’il apparaissent progressivement en surimpression sur ce que vous regardez, hallucinant. Vision pro est un produit révolutionnaire qui supprime tout contact avec un écran tactile ou le clavier de l’ordinateur que vous pilotez avec votre regard et le bout des doigts…définitivement la grande inovation de ce deuxième quart du 21eme siècle.",0,2026-01-11T15:19:44Z
@Gokuothabrotha,P.0.R.M. will be on point!,1,2025-12-25T15:25:30Z
@sherifazidin154,I don’t think squinted eye like me will benefit from this shit,0,2025-12-22T14:33:11Z
@i_make_beats,"""i've been in 2026 for a few weeks now, and here are my first impressions before they release it to the public""",1,2025-12-14T14:52:32Z
@CrazyCobraCC,I’m kind of shocked that this became your second most viewed video. Congratulations nonetheless,0,2025-12-09T17:38:04Z
@truth4fun,1 year later ive never seen someone go out in one of those. Also the OS looks the same as Meta.,0,2025-12-09T03:31:49Z
@laser1330,Great video. Straight to the facts and love your opinion on the side.,0,2025-12-08T19:40:27Z
@RandomButBeautiful,"""capture complete"". Trying not to read too much into that. Failing a little..",0,2025-12-04T21:30:39Z
@mememaster2-y1r,quest pro,0,2025-11-29T11:03:11Z
@RandiwDissanayake,Woww,0,2025-11-25T08:10:24Z
@hapkrs,To much tracking.,0,2025-11-22T15:39:35Z
@Garrettstudios9,Meta quest 3s does all this but has apps and environments,0,2025-11-22T02:00:52Z
@DagmaraSielska,My Christmas wish list is this,0,2025-11-20T23:32:34Z
@AdasAlpha,This deserves more love.,0,2025-11-13T22:44:09Z
@jonnevitu,"This one guy named gemaplys literally went iron man mode and coded something like this just to mess around with his Twitch chat, he is brazilian tho, sorry english only ppl


Edit: holy sheet even the thing that makes your monitor screen appears on the 3d space lmao",0,2025-11-11T18:24:30Z
@itsmewd,"Such a robust review. Thanks.

Definately subscribing for more!",0,2025-11-07T12:46:38Z
@rogerscane,"I'm still using meta quest 3 , and it's still lit for me",0,2025-10-31T23:01:01Z
@Lyseptic,the battery cord is removable with a sim card tray tool,0,2025-10-28T23:16:17Z
@andrecoakley,I found MKBHD from FLOSSY CARTER giving MKBHD his props in the TECH GAME💯💥🤟🏿👉🏿🤙🏿👌🏿👍🏿👊🏿✊🏿🙌🏿🙏🏿💪🏿✌🏿,0,2025-10-25T13:52:27Z
@dianefornshell8612,Sounds like it’s not worth buying. I was looking at buying one.,0,2025-10-23T16:19:23Z
@johnzidor,Here from the latest update lol,1,2025-10-21T22:47:00Z
@montrelljackson96,"Tony Stark Tech at its best, Man it’s good to be back",0,2025-10-18T22:44:16Z
@KevinMorrow-d3c,Expensive Gimmick NEXT,0,2025-10-16T17:11:13Z
@billybarnes-d4t,I love the melody.,0,2025-10-15T19:40:34Z
@RichardGonzalez-t5c,Music at its finest.,0,2025-10-15T17:06:40Z
@xHom4yoon7,Nice,0,2025-10-14T11:13:53Z
@hussamezzat,Very good product but very expensive and uncomfortable for the eyes and head,0,2025-10-14T02:38:52Z
@user-k3w7s,Music at its finest.,0,2025-10-09T13:58:36Z
@BSVR9431,We need a Filthy Frank rewieve of the vision pro,1,2025-10-09T11:11:33Z
@nicko9862,"Video was cool, but it concluded with it's a stupid waste of money.",0,2025-10-09T06:30:17Z
@EdwardSamantha-d6m,Great rhythm and beat!,0,2025-10-05T07:49:15Z
@BenBen-h9t,The lyrics are so touching.,0,2025-10-03T23:46:26Z
@RajGamer-wn5nz,This channel is criminally underrated.,0,2025-10-02T14:18:19Z
@LeshanTorome,(no offense) Everyone be loving these type of stuff until you can't tell what is real or fake.,0,2025-09-26T10:32:11Z
@thangvu4972,It very good but very expensive. I’m sure that I could buy it when I win the lottery.😢 very good review,0,2025-09-20T19:45:45Z
@BillDunn-h9z,Upside blue pill downside red pill😂,0,2025-09-20T02:27:22Z
@KingRobertIofScots,"The Quest 3 does most of this just as well, if not better, except resolution. For 1/6 the price of this….. and it has YT.",0,2025-09-16T23:39:56Z
@HenryTaylor-c2w,woww,0,2025-09-16T01:19:26Z
@unitedinlight,Bill gates is late again,0,2025-09-13T17:49:22Z
@Mootje1124,"You talk to much man, just show us the product",0,2025-09-01T10:40:11Z
@ranjeetrajbhar6972,Add 308 million,0,2025-08-31T04:13:21Z
@MrKkramme,Great video and product! Thanks 🙏,0,2025-08-23T22:24:33Z
@clgrant48,"Good day all
My son is visually impaired and he went to Apple Store and tried the goggles and they helped his vision a lot. Do you guys think this is a good idea and has anyone tried them for this purpose.",0,2025-08-17T00:34:04Z
@Fanawatch,"Hey Jono, I sent you a business proposal. Have a great one. Nico",0,2025-08-14T18:48:31Z
@ArchangelExile,"I guess it's a good thing that I'm balding, can't afford a necklace, and don't wear makeup.  😐",1,2025-08-08T19:11:46Z
@vazzaroth,"Gotta say... if someone thinks editing a video of yourself is weird, that's a skill issue on their part 10000% lol. Like how do you THINK 95% of the content you watch gets made???? I know it's probably olds but still, most of them under 75 are at least watching some shorts or something.",0,2025-08-07T16:14:34Z
@vazzaroth,"I feel like I would be about 1000% more interested in these types of things if they JUST had an OPTIONAL, if they must, little tiny finger-ring style controller with a SINGLE button, at least! I'd MUCH MUCH MUCH rather click a little fidget-spinner like click rather than feel like a tool clacking my fingers together. I did this in VR w/ the Oculus and it was OK but felt bad in every way. However, design wise you get SO much more space just adding binary yes-no checking, which is what the tapping together does. Like it feels somewhat crampy, seems strange to do with interoception, looks odd from the outside which, even if no one is around, takes me out of the experience. Doing a button is something we ALL have accepted as normal hardware usage and does not take me out of anything at all after decades of game controller use. Plus you can rest your hands easier. 

They have these tiny, 1inch x 1inch tiktok scrollers with like a D-pad and 2-5 buttons on it. THAT is what I want. THEN I might consider AR.",0,2025-08-07T16:10:32Z
@carmenmullen-ry7ms,You look like an ad,0,2025-08-06T13:38:33Z
@jaym5938,"Apple always creates the same problems: wealthier types are the ones affording these gimmicks; and, being less likely to exploit them as others, the tech is wasted and remains gimmicky. The Touchbar is a good example. Apple claims nobody used it. Not true - it was implemented wrong and not used by people who actually use the tech for real/professional purposes...so the feedback was predictable.",0,2025-08-03T01:52:41Z
@MrKeydeveiousi,Your persona looks like my brother had a baby with a sims character,0,2025-07-29T23:42:32Z
@frankpeter6851,I dont like how advancements in tech get pre selected for comerce. The internet seems to have made the people ever more dangerously suggestible.,0,2025-07-26T01:47:31Z
@lindawinfield1524,Absolutely awesome video!!!  Thanks for taking the time to make this very informative video!,0,2025-07-24T14:49:39Z
@iEatTransphobsAlt,"I’m considering buying a Vision Pro, but I must know, is it compatible with the Magic Mouse and Magic Keyboard???",0,2025-07-23T23:57:23Z
@iEatTransphobsAlt,The eye tracking works on iPhone it’s actually the same exact type of test,0,2025-07-23T23:34:44Z
@Diamondwastakenwastaken,Apple should add share screen where you see the same thing on a different apple vis pro,1,2025-07-22T20:20:14Z
@Ucheyyy,Who's here in july 2025?,0,2025-07-20T20:31:20Z
@shoaib1743,So the blacks have money now?,0,2025-07-18T11:30:00Z
@Stefan_Junior,6:24  can you make chain of baterys?,0,2025-07-16T19:43:02Z
@Hydro-Ponik,"It's only overpriced by $1500... And it didn't sell. Thus no real software out there for it. It does have all the cameras, sensors, tracking etc...",0,2025-07-16T16:30:33Z
@RoyalInfluence-o9k,Check bro’s Thumbnail😂 0:12,3,2025-07-15T07:13:37Z
@bishopdancy2230,"Sounds like they put a ton of effort and money into absolutely incredible technology, but completely forgot to give it things to do. Like a super expensive sports car without wheels.",0,2025-07-13T11:34:59Z
@bishopdancy2230,Why are there ads every 60 seconds of this video? I've never seen a YouTube video with this many ads.,0,2025-07-13T11:24:40Z
@blamezilla,Don't let this distract you from the concept of paying at least $3500 for a 600 gram eyewear.,0,2025-07-12T09:18:04Z
@Eddieclark901,He called you Martez not Marquez,0,2025-07-09T06:34:54Z
@semasiologistics,"Will definitely not be getting the Vision 2. Can't imagine getting much of anything from Apple that isn't Pro. They definitely have a lot of work cut out for them though and will hopefully bring back the Pro. Once they do, a V2 or V3 and I'm on board. Good luck to them, for now it's just not worth the 3500 and is far, far too restricted (imagine only having what an IPad can do for you in terms of its desktop apps and just the entire environment. Sorry, not even close). Also, they'll need to get augmented reality going. I imagine we'll have brain-to-brain interfaces by V3 or V4 Pro, but obviously that's still really speculative. Any rate, actual AR will have to be part of the package at those prices. And a far, far better OS, where you can type, read, etc. Battery will also have to change. I guess some guy in the UK just built a batter even smaller than this that is made out of diamond and lasts some 7k years. At any rate, thanks for the review! Nice job, and it does look cool for sure. thanks to all the first gen buyers (investors) for making the product viable for a V2 at least. Really hope they figure out how to bring back a 3K or 4K Pro.",0,2025-07-08T18:46:12Z
@MrSwisscheesy,Man that’s pretty amazing. Thanks for the work you put it on this.,0,2025-07-04T23:12:07Z
@MrKhurramshahzaeb,What the hell has happened to our society. Were we not antisocial already ?,1,2025-07-02T16:04:59Z
@AhmedSafina-i8f,The way you explained this is SO clear. Thank you,1,2025-06-27T07:31:30Z
@Luke-q2c4g,Can the valve knuckles work with this headset?,0,2025-06-27T00:38:50Z
@cedarknowsball,Excited to try this out,0,2025-06-23T04:09:33Z
@lumalilies,when someone's talking to you while you're in the immersive environment the clouds should part to reveal their face with like god rays coming out of it,0,2025-06-20T06:21:26Z
@joosthouben1,love it !,2,2025-06-14T19:06:39Z
@mathiasklein8143,does anyone else think of megaman starforce with these?,0,2025-06-14T18:30:11Z
@ntshvicky-ai,I used apple one but really i will tell you real feeling of ar vr is meta.. meta oculus 3 has mixed reality.. its better tha apple,0,2025-06-06T18:54:28Z
@TQQQ333,That is wonderful thank you for your help.,0,2025-06-06T04:37:26Z
@seekinghighs,Wow this is your second most viewed video on your channel.,0,2025-06-05T16:05:54Z
@HalvBanan,Looks like a nightmare,0,2025-05-29T14:15:23Z
@Martino.leon.8,Give it to me 😻🫰❤️‍🔥,0,2025-05-24T22:21:10Z
@marmaje69,"Can i edit my persona? Make my own eyes or something like that?

I think using your roblox avatar or other video game character. Or in general using an avatar for your persona, would be a lot cooler.",0,2025-05-21T14:56:17Z
@marmaje69,How well would this work with modeling programs like blender?,0,2025-05-21T14:34:26Z
@joshuatexas,I never see anyone wearing them. Can you update?,0,2025-05-16T09:19:44Z
@Truth-op3be,If the pic on this topic were the other way around we would still complain about it 😵‍💫😵‍💫😵‍💫😵‍💫😵‍💫😵‍💫😵‍💫😵‍💫😵‍💫,0,2025-05-14T15:38:17Z
@gryspnikngrysp2821,"Amazing technology....useless for humanity..Even useless for the company as despite the fanfare, it's so useless to people that it'll fail like all other VR sets have failed before. Nobody wants to isolate themselves from reality, no matter how hard bigtech are trying...",0,2025-05-05T06:37:20Z
@orglogic,Nice job,0,2025-05-04T02:27:08Z
@RakeGareth,15:03 wdym by that,0,2025-05-03T18:36:42Z
@Djkimik-1,Duroooo❤,0,2025-04-29T03:29:20Z
@aaryanvipin2412,Incredible.,0,2025-04-28T16:33:23Z
@nunu4692,how to sell apple vr😂the passthough is its best feat though imho,0,2025-04-27T04:25:08Z
@yoo_87,at the end it makes you look like a bee 37:11,0,2025-04-24T13:39:50Z
@Miss_Bunn,"Of top, those look way better than the meta ones...",0,2025-04-24T02:41:20Z
@Monsterosity,I barley like the quest and that shi does everything,0,2025-04-22T09:52:24Z
@Monsterosity,I'll never buy that bs,0,2025-04-22T09:52:09Z
@davidjohnson3601,I made a dumb iPad no social media no texting no emails only movie TV downloads podcast movie TV downloads and YouTube,0,2025-04-21T21:26:29Z
@williamhardes8081,not bad that you can buy current tech which was still science fiction just 50 years ago.,0,2025-04-21T17:45:08Z
@PeacefulPêche,No one is talking about the thing on his T-shirt??,0,2025-04-19T10:27:30Z
@johnsmith539,"Targeted adds based on what the cameras see in hour house, or conversations caputed by the mics.",0,2025-04-18T10:39:15Z
@Mhadyourfriend,Something more consumer friendly like Xreal One ?,0,2025-04-12T07:03:32Z
@donjay199,How did you video this making this video. With the vision pro,0,2025-04-12T03:44:21Z
@hunterm4188,Omgggg it’s Coco Chan,0,2025-04-06T13:20:50Z
@AlexanderSørensen-y4f,Thaths Lie Watch,0,2025-04-06T05:33:48Z
@olesgamingkanal343,Wonder when the Air version is coming,0,2025-04-05T18:03:34Z
@R4YLYNN,Will I ever buy this? No did I enjoy the video YEAH 😂,1,2025-04-05T15:54:44Z
@vikashkumar-d9o4q,nice,0,2025-03-24T08:49:57Z
@shiv.mangra3594,Maybe live immersion concerts which would give the user a feeling of being onstage with the performers?,0,2025-03-19T14:05:08Z
@TrumpetTv216,Its also ai vr right,0,2025-03-17T03:13:03Z
@yakonyakojennings8056,All these vr  stuff is just not ready to buy yet  unless u just like wasting money I would say if you are a work from home computer worker this would be good for you,0,2025-03-17T01:38:11Z
@drixstoriesanimatedDSA,The vision pro is a good idea but possibly not the best to the world,0,2025-03-15T20:46:19Z
@TeufelHund,"iOS 19 is supposed to be incorporating Vision Pro UI.  How will that work out for the phone, tablet and macbook?  Will you finally be able to navigate ""back"" either in an app or links like in Android from right to left for one handed right handed use?",0,2025-03-15T20:07:07Z
@bobursultonov4175,👎👎👎👎,0,2025-03-15T04:49:15Z
@lottji,"15:05 better question: what can you do with this thing that you can’t do with your phone, tv or laptop",4,2025-03-06T23:57:34Z
@jomaari,I love mine.,0,2025-03-05T04:58:01Z
@Europeantransitbro12.5,Actually there is youtube,0,2025-03-04T00:33:51Z
@madx3638,You don't need to tell me that I'm broke 32:52,1,2025-03-01T22:42:40Z
@LogansCollective,"Before I die, the technology out will be so cool. To be able to watch a movie or do work at a coffee shop in Portugal, or walk the streets of Tokyo. I am all for the Matrix lol",0,2025-03-01T04:56:04Z
@Beebeepeppercorn,I wonder what would happen if someone had cross eyes.,0,2025-03-01T02:29:17Z
@BakiGulo,Siuuuuuuuuuuuuuuuuuuuuuuuuuuu,0,2025-02-28T08:50:28Z
@hamodhossain4261,"I'm sorry .. but a VR that costs 4000 dollars , yet it's almost has no games in it , sounds like a bad idea & a huge deal breaker for me .. a VR with no games , is more like an unreal joke to me , it sounds too bad to be true .. so , unless they create a special library of VR games for it , this VR is totally useless",1,2025-02-21T09:01:43Z
@dusanguran9353,They’re too heavy other than that good,0,2025-02-16T06:53:43Z
@brandonfouts4074,"I am a realistic human and I subscribed, not a bot",0,2025-02-12T19:52:05Z
@bikepimp72,"Great video.. 
Have you Tried editing pictures in Lightroom classic in the glasses.. Do the images look as sharp as a 5k screen or better.. 
Can you make it seem like your editing on a huge theater screen?",0,2025-02-03T05:23:46Z
@FinesseHermes,"I would love an update on everyone who has owned an Apple Vision Pro, to see what they’ve been using it for!",0,2025-02-02T21:20:22Z
@UZRome,I agree 37:08,1,2025-02-02T01:36:21Z
@UZRome,Like if apple won this round—————————————> 32:22,0,2025-02-02T01:34:46Z
@UZRome,Apple wins this round ———> 25:57,0,2025-02-02T01:32:34Z
@UZRome,Apple won last round 22:03,0,2025-02-02T01:29:16Z
@UZRome,You can on quest 20:38 20:39,0,2025-02-02T01:27:45Z
@UZRome,Apple wins this round———> 14:27,1,2025-02-02T01:21:02Z
@UZRome,Like 9:55 if this round is a draw?———————————->,0,2025-02-02T01:16:11Z
@UZRome,Like if this round goes to quest 3 ————————>,0,2025-02-02T01:14:35Z
@UZRome,Like if you think this round goes to apple? —————->,0,2025-02-02T01:12:43Z
@HamzaWaheed-z4x,V24 P10,0,2025-01-31T14:23:18Z
@n1njaman1235,"Fun fact: This costs the same as 191 copies of Protegent Complete Security!

Things You Could Buy Instead:

• A decent used car

• An actual VR setup + gaming PC

• Multiple professional fursuits

• A semester of college (maybe)",0,2025-01-26T14:43:42Z
@tomalba7,The thing I am enjoying most about the metaquest is the meta horizons world which is like a virtual world to go visit and meet real people virtually does Apple have that kind of structure I'm not really interested in spatial computing just for the sake of it thinking if I want to try the Apple pro just to try it to meet different people in different worlds but it doesn't look like that exists,0,2025-01-19T22:55:18Z
@Samyar008X,"What I find disappointing is that when we buy a VR or AR headset, we expect it to either take us into a virtual world or bring the virtual world into our reality. However, this headset offers more of a 2D user experience, placing a screen in front of our eyes rather than fully immersing us in the virtual space",0,2025-01-19T14:23:10Z
@RodneySialanaHumh,☺️☺️☺️,0,2025-01-16T10:19:17Z
@SimplyZakkai,Like bro this the closest thing to Tony Stark we have ? He was throwing images around like a Monkey 🐒 throwing poo 💩,0,2025-01-13T21:17:04Z
@AzumiRM,That piece of junk quickly got cancelled. Apple should have refunded the gullible people who bought one.,0,2025-01-09T15:26:04Z
@ashishm5681,I will be waiting for pro max,0,2025-01-09T02:58:41Z
@brennansmith5883,Me watching this on a meta quest with $2000 in my pocket,0,2025-01-09T01:34:27Z
@dristinbennett3343,But meta has meta games!,1,2025-01-05T20:44:38Z
@gabrielvilanova5575,16:30,0,2025-01-03T05:22:39Z
@mycitychannelstoken8221,Check out the real metaverse at channels,0,2025-01-02T13:34:03Z
@bizzythebrokerbreaker8156,You explain things SUPER WELL!!!!!,1,2024-12-27T21:33:28Z
@Emet.V,22:37 Essentially you are using 2 computers at once that work together. Which was a big draw for me personally to consider this thing.,2,2024-12-27T00:41:30Z
@Emet.V,18:53 I would describe as just the beginning or early public RND with consumers.,0,2024-12-27T00:36:08Z
@Emet.V,"18:31 yo😮, I would need to buy new jeans and a turtleneck, that’s sick!!",0,2024-12-27T00:33:23Z
@Emet.V,17:27 You are honestly underselling the actual experience.,0,2024-12-27T00:30:20Z
@Emet.V,"17:07 yo after trying the demo, I never really  knew  I didn’t want Alicia Keys in my face. 😂 Its so jarring personally, I ended up looking away into the control room🤣",0,2024-12-27T00:27:56Z
@Emet.V,"11:30 i ware glasses, in the demo they had gotten my prescription. When I first put it on it was like I could see with glasses for the first time in years. Think about it almost makes me want to cry.😭 I have never felt so immersed. I used a VR headset once,  I had use it without  my glasses. It was blurry and I felt so disoriented. I never wanted to do that again. With these it’s so much better for me personally. It’s more like a bridge between AR and VR",1,2024-12-27T00:18:27Z
@Emet.V,"10:46 it really is spatial computing. If they could make it smaller optimize the weight, design  a brand new M Vision chip dedicated CPU,GPU cores , and memory embedded in the glass would be amazing. Instead of the bulky some what cumbersome.",0,2024-12-26T23:41:37Z
@Emet.V,"I schedule a demo of this. It was amazing, you have to experience it in person. It is very intuitive, it afterwards it made me realize how much of my eyes I really use. Because of the way you navigate with your eyes using it. I started have more situational awareness. It was very interesting.",0,2024-12-26T23:28:04Z
@MaisieSqueak,"Fantastic summary of its pros and cons.
I took the demo and was VERY impressed... But also dismayed at the usual Apple walled garden approach.
I would down 3500 on this in a heartbeat if I thought it was entirely free and open to things like Steam VR.",0,2024-12-21T15:53:08Z
@Merlin63,Guess we will never know now It’s been scrapped by Apple One for the memory archives!,0,2024-12-19T08:22:15Z
@thatlastborn,"Can you install apps on the Vision Pro? Or they’re the iPad/iphone apps that show?
If you can install apps, what’s the storage capacity?",0,2024-12-18T02:22:58Z
@skorpianking73,Can you drive with this on?,2,2024-12-17T06:53:21Z
@vinniepOLD,top tier gooning device,1,2024-12-15T09:03:10Z
@spiatv4yt9,we waiting the samsung version of this one,0,2024-12-12T20:40:05Z
@mashy712,5:21 you can go to settings and go to “shut down”.  Also you can press and hold both crown and other button to shut it down.,0,2024-12-12T19:28:06Z
@mukundgirgaonkar2072,If it's a url you can actually say out loud 😂,0,2024-12-08T18:34:29Z
@kurewasensei463,Cant buy this product. I only have 62$ in my savings account 😢,0,2024-12-08T08:23:13Z
@comatose3788,This didn't age well. 🤣🤣,0,2024-12-04T22:25:47Z
@PreciousAmarachi-b6h,Good,1,2024-11-27T16:41:55Z
@vsoriginalpoetry6696,killer app? first person viewing every concert you couldn't get front row seats with.,0,2024-11-23T04:45:32Z
@wolfrobots118,it behooves me how you get so many view when your videos are so boring,1,2024-11-22T21:33:44Z
@Carla-hq6yp,Nice review 😎,0,2024-11-22T20:48:22Z
@NoName-jv8ek,I would love to play my Xbox on it.,0,2024-11-21T20:26:26Z
@robertb.7772,Aaaand it's gone.,0,2024-11-20T20:26:41Z
@sergestar4536,Drowning in apples,0,2024-11-18T01:56:22Z
@clarensdesir8545,"WoW that""s amazing. I want one, but the way my bank account is set up..",0,2024-11-17T16:57:19Z
@LinkoNGUS,As someone who has a quest 2 I see the good and the bad,0,2024-11-15T12:08:09Z
@WiseMarketingWays,This is the first time seeing this and would not have been interested but the details and uses shown here has given me an appreciation for the Apple Vision Pro.,0,2024-11-15T03:00:18Z
@Rockysbeats,is there not a nice small comfortable headset that hooks to a pc with a single wire for unlimited usage just for chilling and watching movies and regular gaming (not VR) on big screens you can move around without all the standalone stuff and Massive batteries and big hand controllers,0,2024-11-12T06:41:03Z
@rupamsikder8929,Scooty,0,2024-11-11T17:19:46Z
@ivykpodoe,😂😂😂,1,2024-11-10T13:32:13Z
@Makroman1,"Me realising that the apple vision pro was released 9 months ago...

Damn😅",0,2024-11-10T12:52:48Z
@Makroman1,My broke ass watching this video like im interested,4,2024-11-10T12:49:40Z
@ABT_edit,Not to flex but I have an Apple Vision Pro,1,2024-11-10T00:30:08Z
@adobenumpty,I’ve got GAS.,0,2024-11-09T06:04:04Z
@godschild5710,So you can't play games or how do you play games,0,2024-11-07T15:07:49Z
@awjoyjess,just lmk whn i can hook up a gaming controller to it and at least play steam games with it,0,2024-11-06T20:29:36Z
@omaribeard9642,I don't want this cuz it has lots of facetimes for your persona,0,2024-10-28T03:22:59Z
@cjholman8410,Hi! I’m not sure if you have a giveaway for this product but if so I’d like to sign up. I have sickle cell disease and I have been hospitalized a lot this year. This seems like a cool thing that could distract me from my pain by having this while in the hospital.,0,2024-10-27T07:57:20Z
@jurray8404,"at the end, he picked up his samsung phone to give the the verdict",1,2024-10-25T19:51:38Z
@jojobizarre8262,Top 10 worst thumbnails,1,2024-10-15T20:40:33Z
@spaceracco,I can't wait for a 3d design software specially tailored to take full advantage of this platform!,0,2024-10-15T01:42:08Z
@jamLubWil,"if one use the computer in USB  wire  and a screen  and see thought. 
connected  to a cheap cell smartphone.  the  two can cost about 400 cad as package.",0,2024-10-03T07:27:23Z
@Calvin-610,Another waste of time Apple.,1,2024-10-02T05:11:16Z
@chodak.black14,This is so sick if it was more affordable everyone would be getting this for Christmas 💀💀💀💀,0,2024-09-26T17:35:44Z
@damngoodboy,"So it actually doesn't do anything, compared to your Mac. Use your own eyes, end of story",1,2024-09-25T11:25:14Z
@HoYinLau-b8o,Me can't scuba dive and still watching,0,2024-09-25T06:04:13Z
@evans.ampoma888,Pls do video Pico 4 ultra,0,2024-09-24T10:52:56Z
@Michael-zi8lz,Spatial is the 5th dimension :),0,2024-09-23T02:48:35Z
@We_only_love_here,Who remembers the PS vita Home Screen lmfao Apple aint slick,0,2024-09-22T14:30:14Z
@A.R.77,An amazingly good device for the disabled.  Imagine walking down miles of trails with such fidelity.  Being able to move with your eyes and slight movements.,0,2024-09-21T18:49:44Z
@0Imtheslime0,"Once they get this down to regular everyday glasses (That Google tried and failed with Google Glass), im in..",0,2024-09-21T08:54:38Z
@thatdude6045,It's still very ugly. Waiting for a fix to that,0,2024-09-21T01:59:23Z
@octapc,"To buy this VR, you have to have more money than brains.  Buying this is the epitome of the Apple Fanboi cult.",0,2024-09-20T12:48:46Z
@Ibarakify,IFR eye tracking is not a 'new' technology. It's not even proprietary to Apple. Open source protocols for IFR tracking on headsets have existed for years.,0,2024-09-19T21:58:34Z
@leeartlee915,I’ve never been less interested in owning a product.,0,2024-09-18T09:18:13Z
@deedcomicsanime2964,Even thro I prefer apple ! But but but never in right mind I will buy this for 4K € 👺👺👺,2,2024-09-17T08:19:04Z
@beeyoch,"wolfgang gartner, deadmau5, Mord Fustang, Daft Punk, Porter Robinson, Madeon, bro has playlists and music taste exactly as mine. haha",1,2024-09-16T15:35:29Z
@FlyWithMe_666,Would be great to get an update at some point — still using it and for what (work? travel? entertainment?) or already forgotten in daily life?,2,2024-09-15T07:41:45Z
@carries6427,"I wonder if, 7 months later, you are still using this device in any meaningful way?",2,2024-09-14T20:11:42Z
@AlienLeadership,"AVP 👽
Yeah/ well time / but / yeah it is an arrovation// /",0,2024-09-14T13:57:18Z
@bakingpaper45,you should make guided meditation,0,2024-09-12T18:43:27Z
@DavidWestcott-o5b,One set of googles ...here😅,0,2024-09-11T12:27:03Z
@AlmightySe7en77,Basically advanced vr headset ... not yet entering holo tech,1,2024-09-10T22:36:25Z
@nnp1795,"I see far more widespread potential in the following form: Just have OLED screens in wafer thin light weight plastic with cameras and sensors on the front end, then move all the rest of the hardware off and into a pocket brick or neck band and ideally just have port for external battery and instead of any processing hardware, have it plug into the latest iPhone pro version or iPad Pro to use its hardware - that way it gets more affordable and into more hands and locks more people into a virtual ecosystem while reducing your overheads in research and development, and remove speakers and require people to have AirPods - win for Apple and win for more and more people to be able to have this and have it be lightweight - incrementally upgrade the front piece",0,2024-09-10T18:45:20Z
@joshuacopeland1693,35:33 Product placement.,0,2024-09-10T18:34:02Z
@joshuacopeland1693,Mrwhostheboss talks about you a lot in his videos. This is my first time watching one of your videos. I expected you to have background music; the dead air is something to get used to.,0,2024-09-10T18:00:22Z
@cedric91133,Will be great for work when there's Teams/Zoom integrations,1,2024-09-10T15:19:42Z
@promisemwanjiwiri2307,Oh well,0,2024-09-09T21:57:35Z
@WalkerLouise-j4u,Anderson Gary White Robert Taylor Jeffrey,0,2024-09-08T17:19:57Z
@maszkalman3676,Yeah for sure this thing doesn't worth 3-4k dollars....,0,2024-09-03T19:30:53Z
@Henry-r9f3q,If they call it virtual reality they gotta pay terrence howard for the patent😂,0,2024-09-02T16:15:19Z
@HondaMonkeyMan,Who is Steve Jhobz? You mentioned him and a theatre. Are we meant to know who this is?,0,2024-09-02T15:18:09Z
@Parmie,6000 aud i almost fell off my chair,0,2024-09-01T13:48:23Z
@OBr1aNNN,"If this gonna be affortable one day - everyone gonna be sitting in huge a*s cozy chief chairs or just lay in bed while watching a 4k movie/series in awesome quality, surf/ Shop around in the internet, not ki**ing their back and neck anymore, i would love that for these uses:))",1,2024-09-01T11:43:06Z
@luv33ev,you are a great speaker Marques! I love watching your videos.  You have a natural energy in your voice which I find is uncommon in tech videos for some reason. I don't care much for tech items but I love watching your videos.,0,2024-08-31T00:56:40Z
@softwarephil1709,Expensive device with few applications other than games and novelty.,0,2024-08-28T18:36:49Z
@softwarephil1709,Can you take that battery bank on an airplane?,1,2024-08-28T18:33:12Z
@rkop737,I feel like this is crap.,0,2024-08-24T08:36:03Z
@BoostBl1P,The moon environment reminds me so much of that video game Detective: Become Human. The detective had augmented reality glasses that could do many similar things.,0,2024-08-23T22:33:33Z
@kylelore1122,They don’t want you to call it VR because it seems more like AR (Augmented Reality) since it seems more about integrating virtual reality into the real world,0,2024-08-21T07:20:15Z
@vladmescer,You curious and joking why device have shitty battery? Are that not obvious?,0,2024-08-20T09:18:11Z
@JoshJamrockOfficial,Humans can actually built things like this? Humans are incredible animals. 😅 More advanced.,0,2024-08-18T17:40:56Z
@adriaan_mol,col,0,2024-08-18T14:26:24Z
@vadha1,some issues it has. The battery cable should have been made to attach and unattached from the battery itself so you can carry multiple batteries with one cable. No ability to really immerse with AirPods Max headsets.,0,2024-08-17T19:14:59Z
@marcusbunce3406,"it'll be firmware redundant in a couple years knowing APPLE,, costing another £1,000 next version,, ha ha so sad
oooh a glowing Apple and a minuet to boot,, omg 2hrs ,, lol",0,2024-08-17T17:05:05Z
@user-vn6ki6gs8w,32:21 these are literally cyberpunk 2077's holocalls,0,2024-08-16T16:20:42Z
@Jace-v5l,I've been saving for it and I'm down to $200,0,2024-08-15T10:27:28Z
@Sniper_gowing,Hi I’m a tech YouTuber I’m buying a thing from Apple that cost 1 months wages and to add insult to injury I won’t ever use it again in 3 months,0,2024-08-12T23:01:16Z
@YamiNoDaisuke,imagine buying this just to watch some adult videos,1,2024-08-12T05:03:56Z
@edrodriguez4822,😂who the h wants to wear that thing,0,2024-08-11T12:41:05Z
@Manar546,"""Hey, MKBHD here. So I tried being white for a week. Here are my thoughts.""",0,2024-08-09T18:47:11Z
@Y2H-r1y,I’m expecting apple to somehow smack a mini air conditioner in there😂,0,2024-08-09T01:55:12Z
@RustamLifts,"The new Apple Vision Pro is now released to the UK and 4 new countries. 
In UK:  £3,499 In France and Germany: €3,999 In Canada: $4,999 In Australia: $5,999",0,2024-08-08T14:49:09Z
@Mikelaxo,I'm sure someone seeing you work on your laptop in public while the laptop is off and you're wearing a toaster on your face is less awkward than them just seeing you edit a video of yourself,0,2024-08-07T04:59:05Z
@hyuseinyashar9137,How he has 26m views?????,1,2024-08-05T20:34:25Z
@sekandijames3881,"Not only has the gadget proved awesome, but the video too catches attention, you got it bro. Great and exceptional video",0,2024-08-05T14:44:14Z
@subhamckt,Using it will lead to myopia,0,2024-08-02T03:02:50Z
@anthonyward159,What do you do with old products you don’t use ? Do you sell or ??? I’m asking because my wife and daughter really want one of these but I can’t afford one so if ever want sell it please reach out to me,0,2024-08-01T14:43:15Z
@TaiTheRai,I can’t wait to here him say scratches at level 1,0,2024-08-01T02:51:27Z
@ErolindMustafa,damn,0,2024-07-30T15:21:56Z
@EclipseNoxOwO,8:04 I love aphantasia :p,0,2024-07-29T18:46:27Z
@dundada7316,Who’s the f gonna wear that all days and everyday 😂,0,2024-07-29T02:04:22Z
@miguelangel-go7xj,"Using an old Gear VR to watch Youtube and Netflix, i paid $4dlls. for it.",0,2024-07-28T21:34:22Z
@venkatprasad1102,"For a moment if we keep aside all the flaws as its still the first generation of the product , its really futuristically impressive just when the first Iphone was launched back in 2007 and it  created the future of interacting with  the software , we could touch our music , our videos , our photos  
and now after 17 years Vision Pro is definitely the future for the next decade as its augments our everyday apps with real world physics . This is something we should all appreciate for the Vision Pro team. I definitely look forward for the truly amazing capabilities and all new possibilities with this product . It does really gives you wings and i hope it will become better.",2,2024-07-28T07:23:24Z
@Bobishardware,Who’s also watching this on an Apple Vision Pro,0,2024-07-27T17:16:00Z
@blaster-h9b,deadmau5 and daft punk. 👏,0,2024-07-27T13:34:57Z
@matin1204,I have watched about ten different videos on this topic and I confirm that yours is the best mate.❤🎉,0,2024-07-25T18:35:59Z
@TonyDenada,"Welcome to the matrix. Next stop - we implant the tech INSIDE your head (Neuralink, Synchro, etc). Nevermind all the EMF exposure overload on your brain and all the rest. We gameify existance, playing computer game while we are in a bigger computer game (so called reality).",0,2024-07-25T12:34:19Z
@thenicklinn,Can't afford it i will just go around and watch reviews :D,1,2024-07-24T04:38:13Z
@A7T0M,11:58 imagine asking siri at what speed the ball is going,0,2024-07-24T04:06:38Z
@LaurenDobbs-x5v,"Enjoyed learning about this with you. I am a bit clueless about up-to-date tech, but it's fascinating stuff. Have a great night! God Bless!",0,2024-07-22T04:41:41Z
@christopherharper6229,No VR gaming!,0,2024-07-21T19:44:30Z
@roberttaggart5757,Bro in 10 years time it will be contact lenses in five years time it will be sunglasses. Damn things are like ski goggles.,0,2024-07-20T23:28:10Z
@DebashishDey-r5z,Can we be able to see a live shoot at a different location with this?,0,2024-07-20T11:15:50Z
@maxtannchen9797,Imagine playing Detroit Become Human POV on this one.,1,2024-07-19T17:14:38Z
@maxtannchen9797,Loneliness' best friend.,0,2024-07-18T20:17:07Z
@MrTunney3,👍,0,2024-07-17T08:13:12Z
@EmbraceSculpture,"Someone I know recommend I purchase an Apple product, a mac.... computer. I was impressed with the compact, sqaure maybe 6x6 box, so I purchased.   My short story is I absolutely, positively despise, don't like, not impressed with Apple products. 😊",0,2024-07-15T23:45:58Z
@QiaBraham,Can we play games on this?,0,2024-07-15T23:35:54Z
@Dadeezy,He low key looks like Kamaru Usman in the thumbnail 😂💀,0,2024-07-15T17:52:56Z
@lisameakin1,"Just ordered mine and can’t wait for the release in the UK on 24.07.24.  Can someone tell me though please, I have ordered the PS wireless controller but I do not have a PlayStation so do I need a PlayStation console to use the controller? Or can I use the controller on its own with the Vision Pro?",0,2024-07-15T13:22:07Z
@teddybear3151,bros a cutie,0,2024-07-14T18:03:27Z
@lisadefries6718,Too expensive for me plus would need zeiss lens inserts so added cost. All looks rather heavy. Anyway fun for some no doubt. My son had a vr headset about 8 years ago was fun but made me feel a bit giddy probably due to fact I wear reading glasses etc,0,2024-07-14T12:55:05Z
@kobaltstaub287,Sorry if I missed it but does it have something to adjust to your eye sight like prescription glasses ? cause I'm guessing you just can't wear glasses in there right,0,2024-07-14T01:07:05Z
@barbaranota6640,It’s giving black mirror 😯,0,2024-07-13T22:44:25Z
@YuktiBelwal,I already regret buying airpod max,0,2024-07-13T12:58:32Z
@bengtvillner,You have good focus and presence when you present the products. Many people just babble facts and then they are happy with it. You make it interesting. Thank you for that.🙏,0,2024-07-13T11:54:47Z
@DaniilNikiforov-y3n,"It’s a great piece of tech, but I wonder the issues continued use will have on the brain and eyes. I’m sure, knowing Apple’s predilection with profit, this hasn’t been considered or at least some “sponsored” “scientific” research was conducted.",0,2024-07-12T15:24:15Z
@ronasanz166,"probably in the next few years, you can see the person you are calling virtually like you are inside his room or office.",0,2024-07-12T15:06:08Z
@Openetwork2,"This thing sucks, can't believe people buy this capitalist corporate greed filled thing of a product",0,2024-07-10T15:17:20Z
@LBMust,"I have one and also have Quest/PSVR2. The AVP is amazing, use it everyday. Stopped using the Quest as it looks like a toy now. This is just the beginning!!",0,2024-07-09T17:34:57Z
@DeeCoconut,Not me making face gestures and moving my head when he was doing the scan😭,1,2024-07-08T09:00:50Z
@theemeel,Bro present the Vision Pro but on video he is use the SAMSUNG oh GOD :D,0,2024-07-06T08:56:00Z
@AussieGirlChats,Yes nah. I prefer my vr Quest 3 and I have my iPhone and I get messages on it anyways / there’s no 360* videos or games - ewe the strap gives me weird feels .. thanks for the advice tho but I’ll keep that money saved for something else 😂,0,2024-07-06T05:53:17Z
@Avalanchanime,Myopia will go crazy on the next decades x.x,0,2024-07-05T20:11:22Z
@leepride7978,"I was going to get a new M2 MacBook Pro to replace my M1 but this video has solidified my choice. I watch Netflix and all other TV services and YouTube on my MacBook, so that won’t matter. I’m wondering how Logic Pro will look. I can’t wait!",0,2024-07-05T00:12:51Z
@Sub2Novi,I’am still thinking if i schould cap this.,0,2024-07-03T17:27:38Z
@JunyuVR,"Hi , here friend , VR device accessories.",0,2024-07-02T10:07:57Z
@Sauwza,No focus on vr gaming 👎 not worth it,0,2024-07-01T10:00:47Z
@DystopianBeats,"How can the screen within the virtual space be 4k when the entire display you're seeing through is 4k? That's like watching 4k YouTube video without full screening it and claiming it's still 4k, it's not.",0,2024-06-30T12:17:55Z
@CharlesIsabirye,Fair enough!,0,2024-06-29T20:22:33Z
@jamman8678,"Hellow American people, I am a poor child in Africa no food, skinny , with flies on my eye lids, if you buy me this 👆🦾. God will bless you. thank you American people of Apple. 3600 pounds 4000 dollars.",0,2024-06-28T17:48:08Z
@Time364,What an amazing review!,0,2024-06-28T15:00:03Z
@2wheels0limits,"this was the most dizzing video I saw from you, please this is a hard pass",0,2024-06-28T14:42:36Z
@BenedekKo,23:18 ‘cause they wouldn’t question someone from the future!?,0,2024-06-27T18:50:50Z
@techeepeach1197,Awesome detailed review! Thank you!,0,2024-06-27T06:53:24Z
@patrickjones2843,Apple Vision Pro Designer: How do I look sir? Me: Like a giant fricking nerd!,0,2024-06-26T10:40:56Z
@BSWINGx37,I have the game everyone wants.   It will send vr to new heights.  Interested?,0,2024-06-25T00:39:26Z
@renderpeach,"My only gripe with VR is once I've had a good go on everything, I don't feel there is much replay value.",0,2024-06-24T14:03:28Z
@shem4941,"Ever wonder how much God would charge for a fully functional body at human standards, you would be in debt for the rest of eternity.",0,2024-06-24T04:01:12Z
@adrianlynnministries,"Interesting how Katt Williams showed the receipts of him inventing the original technology behind the early models used by many top brands. Unfortunately, you have to keep your patent up or people will steal your idea.",0,2024-06-22T13:12:39Z
@rawrpwn,Quest 3 better,0,2024-06-21T23:49:45Z
@rocklar3,"Can they add IR cameras, so I can go walk around in the dark?",0,2024-06-21T18:59:39Z
@marjololldashi2244,Nah bro I would be broke if I would buy this.,0,2024-06-20T13:55:11Z
@parkplaceninja,ooga booga,1,2024-06-20T13:08:13Z
@onzeeotherside3848,"I first listened to this on work, like a podcast and imagined the features based on Marques' description, and though I'm amazed watching it now how it really turned out, many things are still not quite as good or realistic as I imagined this.
For example the training space for the keynotes, I mean yes, it is authentic somehow, but I would find it much better, if there where actual people sitting there, listening, coughing, sneezing and whispering, so I had the real deal :D 
And I didn't thought, that the surrounding will be captures like a 3D space, at least that's how it looked, and that's a little bit weird. Thought that the apps will be seen like literally in the reality, not just the scanned image of that.
But maybe that's critique on a unnecessarily high level.",0,2024-06-19T19:12:40Z
@10xscom,"""literally""",0,2024-06-19T14:52:35Z
@haditjandradjaja8403,AVATAR LOOKS SO CREEPY 😅😅😅,0,2024-06-18T19:51:19Z
@hoyayneeyee,Just a question that popped up in my head. What will the experience be like in the midst of other people using Vision Pro around you at the same time? Will there be frequency interference and disturbances? What is the offline experience like?,0,2024-06-18T08:44:58Z
@curiousgiraffe9172,"okay, what about pr0n",0,2024-06-17T15:58:38Z
@Stellar14y,I’ll buy it for sure but after 5 years when there will be Apple Vision Pro 5 with more advanced features and less bugs and hopefully price would go down this Vision Pro is like I phone 8 for Vision Pro with pros and cons and everything needs upgrading,0,2024-06-17T14:15:03Z
@Stellar14y,I appreciate how apple is making or to say trying to make it like we see in  si-fi  movies,0,2024-06-17T14:11:13Z
@luananeder,"The persona thing is what I like the least of this whole product.  
I do not want AT ALL to have a copy of the real me in VR. The way Facebook and others do it, letting you create your own character, is way better.
The fact that my vr persona has to look exactly like I do irl is in fact a complete turn off, and even if they fixed all other problems the vision pro has I would never even consider getting it if they didn’t let you build your own persona the way you want. I hate how I look irl, if I’m putting a vr headset I want my character to at the very least have an appearance I like.",0,2024-06-16T01:10:42Z
@thoopsy,The personas are really hard for me to judge as somebody with really bad face recognition. I agree! It looks like somebody. The person? I'm not sure.,0,2024-06-14T05:12:40Z
@rustem1404,Marques needs to reconsider his grip (of the table tennis racquet),0,2024-06-13T16:24:34Z
@cancerix1700,"4:36 this battery seems to be 3 cells 3166mAh each, so its effectively higher voltage than most powerbanks (11.1V vs 3.7V) so it isn't that small.",0,2024-06-12T19:45:32Z
@fierymoonstar60,8:20 aphantasia,0,2024-06-11T21:58:54Z
@coreytallows1702,"My friend was saying Apple vision was Apples biggest failure after seeing this I disagree 
Great review man",0,2024-06-11T15:56:19Z
@emel3925,That “persona” feature feels like body dysmorphia simulator 💀 Definitely an uncanny valley version of you 😆,0,2024-06-06T08:32:32Z
@TheAdot8808,Cant believe how amazing the views are and the clarity. Definitely worth every penny.  Had to get the 1tb so I can record and download high quality 3d movies,4,2024-06-05T21:34:37Z
@unmanned_mission,horrendous,0,2024-06-05T13:31:50Z
@lawanbrown16,He’s underselling the shit out of the immersive experience. Knocking out the peripherals is extremely important to the whole experience. The 3D photos and videos are insane. This equipment is going to change the way we watch entertainment.,2,2024-06-04T15:05:02Z
@BibiTheLinkBuilder,seems so unhealthy for your eyes,0,2024-06-04T09:04:10Z
@fkmondayz,IDC what haters say. This is a technological marvel.  Don't say apple cant innovate.  You know you're only lying to yourself if you do.,1,2024-06-04T06:05:18Z
@fayelitzinger9824,I can't help but think this will be really cool....  in like 25 years,1,2024-06-03T19:30:11Z
@NylonStrings83,"disapointed with the price i thought apple wouldhave priced it $49,999 if they can charge a stupid 4 gb series 0 watch for 10k and a stupid band worth 7 dollars for 7000 why not price it 49,999.00 taxes extra",1,2024-06-03T11:22:59Z
@abe4666,your persona looks like Damian Lillard,0,2024-06-02T18:46:38Z
@Gonefishing1913,Great review! Doesn’t seem like it’s worth the money for the average yearly wage though. I’m sure it will get better and cheaper.,0,2024-06-02T15:46:21Z
@janNowa,"23:08 I'm ngl and I mean this in the nicest way possible, if I was on an airplane and my seatmate had on a VR headset and was clicking on a laptop with a blacked out screen I would have way more questions than if I saw them just editing a video of their own face",0,2024-06-02T10:34:29Z
@brenscott5416,"You know what the biggest problem with the vision pro is? Its a $4k phone that you strap to your face. Theres really nothing that it offers that i couldnt get from my phone and the $250 quest 2. That might change later, but for this price it should have something totally unique, and the most unique thing is its passthrough being top notch, but that means nothing because my cheap quest 2 can also create an enviroment and uses passthrough to create the boundary or move from my chair to my dedicated area for doing vr. Yes it is neat, but its gotta be more than neat, especially when cheaper products can replicate a lot of its features. Also that battery life is fucking pathetic, 2-4 hours? When my quest 2 casually gets 4 hours and gets a hell of a lot more with a battery pack, again all for less than 10% of the cost, i cant really say its justifed at all. If this thing was maybe $1k i could bring myself to be more reasonable, but really its got nothing the others dont have besides great passthrough, the worst battery life of the lot, and basically no fun games or anything that are bespoke to it. At least something like resident evil 4 vr, fucking any kind of game really would aleviate the problem. Instead its got actual phone games.",0,2024-06-01T22:39:24Z
@TM-yn3zr,This video was really well done. Bravo!,0,2024-06-01T13:28:20Z
@davegott8412,"Crap. Mine started losing its linkage to battery after a few hours use .,utter crap",0,2024-06-01T10:52:10Z
@Aogami20,I feel like this is the first step towards people completely dissociating and not being able to tell what's reality and what isn't,0,2024-06-01T02:42:28Z
@Имитатор-2014,If you play on a head set wile it's plugged the battery will fry so the power of death inseatd of unlimited life power I know cuz I have and oculos meda queast vr head set,0,2024-05-31T03:06:51Z
@SoupySoupSoup,"When you do the persona setup, it asks you to smile and raise your eyebrows, but it doesn't ask you to frown or look sad. Genuine question: can your persona look sad? If you're having a genuine emotional conversation over facetime in the headset, and you're sad, what happens to your persona's face? Can the other person tell? If you cried while wearing the headset, would it 1: confuse the persona softwear, or 2: physically break the headset because of the water?",0,2024-05-31T00:37:24Z
@prism560,great! now all i need is a stat screen and some slave girls and ill be able to live all my fav isekai anime ever,0,2024-05-30T03:57:43Z
@SerwanMonstar,Why anyone would pay $3500 for this is beyond me.,0,2024-05-28T16:34:28Z
@fntthesmth423,"Not quite as good as the Eddy Burback video, but pretty great! Definitely the best tech-adjacent coverage of this i've seen",0,2024-05-27T22:53:04Z
@rinima858,I bought a VR headset during COVID and very quickly I have came to the conclusion that this thing will never catch on. Once the novelty wore off I felt like I have strapped a brick to my face.,0,2024-05-27T19:53:12Z
@vert2552,"Pros and cons:
Pros:
Has some cool tech

Cons:
pretty limited and kinda useless
in price of a car",0,2024-05-27T14:08:10Z
@NakoYamaSan,Why is it lagging????,0,2024-05-26T11:17:36Z
@Ash-vt7uu,Can believe this video from 3 months ago got so many views,0,2024-05-24T14:59:49Z
@Upwardsonly,The weight seems pretty light considering how much tech is in that thing.,0,2024-05-24T14:40:26Z
@akshayagarwal3423,Came here after watching Mrwhosetheboss review. I realise why you’re the go to tech guy for every one I know,1,2024-05-24T14:17:17Z
@TheSophisticatedMexican,"Adobe Products? One good reason I could think of spending 4,000 dollars on spatial computing would be for productivity, imagine editing videos, editing photos, I could see myself easily editing many videos quickly, the thing I like is how you could put up the Macbook, but i diffidently sense that there would be a learning curve for something like this. I would to try this out.",0,2024-05-23T23:51:04Z
@zestylem0n,Just imagine rich people using this and creating an AI filter that deletes poor people from their vision.,1,2024-05-23T19:01:00Z
@ardeet,Useful and comprehensive review Marques 👍 I’m not intending to buy one however now I have a real feel for the device.,0,2024-05-20T23:00:53Z
@mejiger,crap,0,2024-05-20T22:26:11Z
@jrr6795,Gonna be awkward to hear people playing porn on that thing.,0,2024-05-18T21:53:23Z
@DYNAMiC-u4i,"If you hold an item in your hand, does it show up to the other people?",1,2024-05-15T11:15:24Z
@marcoprins4880,Why on God's earth would you have a Windows desktop background on a Macbook?,0,2024-05-15T10:29:23Z
@assatashakur2709,Best reviewer on yt hands down,1,2024-05-14T04:10:45Z
@TheMertolumert,After watching this video i became like used it,0,2024-05-13T19:41:53Z
@crude420,"15:00 ""If it is a URL that you can say it out loud."" lmao.",0,2024-05-12T06:37:27Z
@ETz-RYANH.,Severely impressed 👍🏽,0,2024-05-12T05:16:24Z
@Jamesthor,"I am in IT. Absolutely nobody is talking about this device.  The consensus is that it’s worthless, nobody would buy it even the geeks I work with., So, I’m going to say this is a complete fail?",1,2024-05-11T20:40:26Z
@jadenshiver,1 step closer to the “oasis” ready player one,0,2024-05-11T01:34:09Z
@juelz9225,We have come a long way since the Virtual Boy,0,2024-05-10T22:10:35Z
@Baleur,35:00 doesnt this have big security concerns if someone scans someone elses face and uses as their persona?,1,2024-05-10T13:34:47Z
@Baleur,"18:00 you know what this makes u realize? Strangely off-topic, maybe not.
What happens when 90% of the population wears this (or contact lens versions in the future), and everything they interact with is virtual?
Buttons on doors, car controls, screens, even just a virtual phone rather than a physical device.
This means, you could quite literally have a form of Goa'Uld from Stargate SG1 (in terms of their seemingly primitive egyptian architecture), where your entire environment, houses, streets, all look very ""primitive"" like flat stone slabs with no apparent technology at all. And to an outside observer, it would just be a flat stone room. But to someone connected, it'd be everything, every app, every feature, every gadget, only visible and interactible to them..

That gray flat concrete wall you're looking at, could be hiding an enormous control center to whoever is connected to the AR.
Now extrapolate to interstellar civilizations.

Why would you have any buttons or anything physical in your spaceships, or windows, or anything?
What would their cities look like, when everyone is connected virtually, and no physical requirements exist for buttons, LED signs, lights, anything.
Would it just be extremely simple ""primitive"" flat shapes and surfaces, seemingly devoid of anything, to an outside observer?

When over half of your entire existance and everything you interact with, ceases to be physical, how does that mold your environmental requirements?
Both amazing, and dystopian.
And extremely easy to keep hidden.",1,2024-05-10T13:13:39Z
@Lunapho,What if you have all netflix and everything on the mac?,0,2024-05-09T20:32:24Z
@GongUs-BBU,Didn't apple make a commercial about this very thing? 1984 vibes.,0,2024-05-09T19:22:25Z
@TTH247,"It's not ""VR"" in the traditional sense because most of the product's experiences aren't closed off from the real-world. ""AR"" (augmented reality) or ""MR"" (mixed reality) would be better labels.",1,2024-05-07T13:34:02Z
@DecodedVision,Im gonna watch this video 100 times so that this gets embedded in my subconscious mind and then I can dream about buying or using it.,0,2024-05-07T13:05:15Z
@Andrew-sx4re,Oculus had games for the headset 10 years ago.,0,2024-05-07T06:16:48Z
@Lucy-fn9rj,I feel weird about glasses shooting sensors into my eyeballs,0,2024-05-07T03:31:37Z
@memoryinfo2676,"Professional execution instruments, look at the super heavy hats that the Manchus were keen on, 200 years later, the once ancient civilized country was reduced to a scorched earth of colonization.",0,2024-05-06T09:20:47Z
@memoryinfo2676,专业处刑刑具，看下满清热衷的超重型帽子，区区200年后曾经的文明古国沦为被殖民的焦土。,0,2024-05-06T09:20:29Z
@ripplecpouddev,Awesome!,0,2024-05-06T03:41:19Z
@jeffreycoffman8781,Only seems worth it to an apple fan,3,2024-05-06T01:12:24Z
@obiwankenobi661,"gonna quote @EddyBurback who said:
""if the only portable computer were the apple vision pro, the next step would be to create the smartphone, so you can use your portable computer AND fully experience the world around you""",1,2024-05-05T05:48:45Z
@nak4651,Big whoop....want vs need?  lmao,0,2024-05-05T03:55:08Z
@nicovolker86,This is so pointless 😂😂,2,2024-05-03T23:42:08Z
@adamhojjat8145,"Coolest VR on the market. It is absolutely stunning! Like Black Mirror type tech mixed with Tony Stark’s AR engineering AR tech on Iron Man!

Sony and Meta has nothing on this system!",1,2024-05-03T14:33:59Z
@martinaasandersen3775,"19:30 Yeah, if you could zoom into a some kind of immersive Google Street View type thing and make it look like you're actually there. Maybe even being able to take you along a planned route, so you could preview a route with variable speed.",0,2024-05-03T11:53:08Z
@DinoBroDon,I'm torn - would love to get one but the price is still a bit of a turn off.  I am hoping for updates to the OS and then it'll hopefully grow into a must-have...,0,2024-05-03T07:14:47Z
@TJgettingtactical,"14:57 nah, we was all thinking the same thing.",0,2024-05-03T04:36:04Z
@im-_-dubz,Use these with the Dyson headphone/air purifier for a nice neck work out!,2,2024-05-02T21:07:44Z
@Mikko-Maggie-More,classic apple using buzzwords instead of calling something what it is,1,2024-05-02T19:19:31Z
@FieryCrimson53,The ultimate garbage product by the ultimate garbage company,3,2024-05-02T14:57:03Z
@jordanstark5924,Do you think it's more or less weird that people see you editing yourself or see you typing on a screen that isn't displaying anything lmao,0,2024-05-02T04:14:27Z
@kylekuhn4046,Make cooler,0,2024-05-01T19:36:23Z
@GenaTrius,"Whenever you're wearing an Apple Vision Pro, in the part of the viewmodel where your eyes don't go a filthy scarecrow waves his broomstick arms and does a parody of each unconscious thing you do. When you turn around to look, he's gone behind you. On his face, he's wearing your confused expression, where your eyes don't go.",0,2024-05-01T18:21:54Z
@StellaPoochyena,"the ""Persona"" feature really sucks if you absolutely hate how you look... :c",0,2024-05-01T18:19:19Z
@Frost64,does the Persona have to look like you? the fun of virtual avatars is not having to look like yourself. Is there a way to edit them?,0,2024-05-01T16:48:48Z
@Austin.8150,Need samsung headsets,1,2024-05-01T08:54:49Z
@Floatillyboats,Now you really don’t have to interact with friends and family!,0,2024-05-01T05:52:33Z
@TemiPersonal,"Personas are amazing at a technical level but they look awful, I don't think I could get used to it",0,2024-04-30T12:44:18Z
@deadturret4049,"The personas look like pre-rendered ps3/xbox360 cutscenes, except its in real time.",0,2024-04-30T05:32:04Z
@peach_cobbler,Are you wearing contacts with it?,0,2024-04-30T02:11:16Z
@Andrew-sx4re,"I watched an youtube video on Quest 3 and then on my PC monitor for comparison. you don't want to have a chunky headset on for 2D tasks(with low resolution because of the headset), it's way better on a 4k monitor. So you are paying a lot to downgrade the real monitor experience(even with Quest 3). the only way it's worth it for now is if you have 3D immersive top games, because those are better than looking at a 2D screen, that's when you will consider it's worth the effort to put the headset on. Same for skype video calls, no need for avatars, use a monitor.",0,2024-04-29T17:52:18Z
@SpxrtanJDM,it’s not becoming mainstream till that battery is integrated,1,2024-04-29T08:19:15Z
@Old-School-Liberal,"The major problems are nothing can be connected to it. No hard-drives,memory cards,HDMI for Xbox or Switch. It needs image stabilization like in cameras it’s too shaky.",0,2024-04-28T18:30:24Z
@kwesigaalex4765,Very well explained 😊,0,2024-04-28T17:43:44Z
@imhisgrandson_1345,I just have one concern. I just moved to NYC and i wonder is that lock gonna lock it on my head good because i don’t want someone to snatch it off my head on the train and run 😭,0,2024-04-28T17:15:48Z
@minisculex3,I’ll get it once it reaches 3rd gen,0,2024-04-28T15:53:58Z
@rakeemwilliams6426,I could see this being used in the design industry. 3d drawing is getting bigger and it could be interesting for presentations,0,2024-04-28T10:15:16Z
@StelmachsWorld,Problem with personas is the eyes aren’t accurate and just have a flat blank stare.,1,2024-04-27T20:22:10Z
@q.l5480,"I did a demo today and I was absolutely impressed by it. The cost, bulkiness, and the fact that battery is not built in and doesn't last long are some of the factors that I believe are holding this back from becoming mainstream. Those were the reasons I didn't make a purchase.",0,2024-04-27T05:08:10Z
@wiliamlin5953,......,0,2024-04-26T22:40:26Z
@Lopsided_Butterfly,"Ok, as someone with ADHD who gets distracted easily, it seems like having to look at a button to control it would be near to impossible for me XD",0,2024-04-26T18:04:53Z
@Garush,Bro u got a windows wallpaper on your mac?,0,2024-04-25T22:22:53Z
@cadegcn,You should review everything. You’re so damn good at it,0,2024-04-25T19:13:33Z
@NateClay,I wouldn't buy this if I made $1 million dollars a year.,3,2024-04-25T11:43:12Z
@thewrighttools8592,You're one of the few popular channels I watch.  I usually can't trust someone with over 200k subscribers. You deserve to be so successful.,0,2024-04-24T18:50:45Z
@faerieknight2298,"Personally, I have and use a Meta Quest 2 as my daily driver VR headset. As well as my ""virtual desktop"" option. It was expensive, but cheaper then Apple's offerings, and I've been pretty satisfied. But I do agree that the Vision Pro's capabilities do sound pretty neat.",0,2024-04-24T03:07:07Z
@JohnSmith-d1u,I would never spend thousands on that piece of crap.  It's a Gen Z's wet dream,1,2024-04-23T21:19:14Z
@matrixmodexp,The cable is definitely removable,2,2024-04-21T23:33:23Z
@saintpiff,34:40 🤣🤣 i know the people who developed the face scan in 2k are sick to their stomachs hearing that,0,2024-04-21T18:37:16Z
@davidhelton497,"This is a sad video of how they are Fixing to implement chips into our brains. I’ve spoke this 20 years ago when technology wasn’t really popular yet. Mark of the beast, people will except it likes its cool and Our leaders will make sure everyone has one, More than likely, they’ll probably give them away.",0,2024-04-21T15:03:32Z
@aeoh2000,BASE ON MY EXPERIENCE IT WILL BE PHASE-OUT IN THE NEXT ONE OR TWO YEARS REMEMBER THE WINDOWS IN NOKIA SAME FAITH WITH THESE.,1,2024-04-21T08:28:44Z
@immortalsun,Typing is probably not great on this thing. Hopefully one day we’ll get sensors that can allow for a projected keyboard within your vision that you can type on with your fingers exactly like you’d use a real keyboard.,0,2024-04-21T07:28:13Z
@Sharky-1507,"15:01 ""if its a URL that you can actually say it out loud""",0,2024-04-21T06:49:20Z
@frankiecuellar,Just to show you what better Apple or Android look what phone hes using the end lol,0,2024-04-20T21:32:03Z
@frankiecuellar,"This is thing is so stupid an wayyy over price! I'm a tech reviewer and I'm telling you the quest 2, which is only $200 now. Does everything that does. and n more! N funner n lighter. And I'm telling you it's a lot better to have a VR headset that has controllers. And if you just wants to use your hands like the Apple VR it does it as well but it's just better having controllers for the fun games that you can playhat way you can play games. And even as old as the quest 2 it even does the hands controlling as well but it's just a lot better to have controllers. But a lot of people think that the main reason for the The Apple VR is so cool and different is because it has no controllers which is completely wrong The quest to can do the same thing you could just use your hands if you want. But it sucks you want to have controllers because you can play games with fun games. I love watching movies laying down with are playing games",1,2024-04-20T21:15:03Z
@kuski,"I don't even want to speak on the phone, let alone FaceTime them. Even with that avatar. :D And I know there's at least 5,5 millions who feel the same way. How do I know you ask? Well, Because I'm from Finland.",0,2024-04-20T19:25:46Z
@MostHighEmperorPalpatine,I can buy this rn… but why? Why do I need it… I was hoping by the end you’d give me a reason 🤔 I feel it’s just for people who have nothing else to spend money on 🤷‍♂️,1,2024-04-20T18:31:52Z
@Chrijss,Black mirror vibes ..,0,2024-04-20T10:39:40Z
@tituspullo3946,"They've been trying to push this dumb form factor on us for three decades. I remember the big heavy virtual boy which just was gluing a low resolution tv to your face.  I know someone that was working on Meta's attempt at this (they've all been racing each other to try to capture the market before each other... they being the ""tech companies""). Then the Oculus, and that generation. etc etc.  I don't care how good it is, no interest.  Maybe some people will love it. I don't see it going main stream for the same reason that touch screen computing only works on simple hand held devices.",0,2024-04-20T05:14:57Z
@dvidsilva,much cheaper and way more enjoyable to do acid instead,0,2024-04-19T22:37:15Z
@johnb4183,Mind / brain programmer ?,0,2024-04-19T21:16:31Z
@giant0909,"one day, there will be a version of vision pro that looks like the device in The Three Body Problem series 😧",0,2024-04-19T20:21:40Z
@bleachparade,if I accidentally misclicked and it put me center stage in a STEVE JOBS THEATER I would have a literal panic attack 😭,0,2024-04-19T16:45:49Z
@PDVism,"In short, a toy for those that don't *have to work* for a living or who's IQ is measured in 2 digits.",2,2024-04-19T14:06:20Z
@draegoth,The handful of apps are really cute for the 4k price tag lmao what a joke.,2,2024-04-19T09:44:20Z
@martinfischernielsen2595,"I know this is not a shared opinion, amongst tech-geeks, but am I the only one, that thinks this is beyond pointless? Technology like the apple vision pro, is like automotive racing, for instance Porsche Motor Racing, came up with a car that broke multiple lap records, when they were told that the company was now"" restriction free"" and made the 919 Hybrid Evo. To me, this is what Apple has now done. Made an insane feat of technological engineering, but for what purpose. No right mind, no matter income or sustained wealth, would ever really buy the product unless forced to. I have been an admirer of Apple since the very first iPhone in 2008, But this has gone way beyond anything I've ever imagined. To pay, what, 4000 USD for a pair of googles that show you VR content, like any other lower priced goggle...",1,2024-04-19T06:50:17Z
@wickdlyawesome2315,It only costs 8k in Germany surely everyone can afford this,0,2024-04-18T16:42:41Z
@artificialintelligence-m5p,I want to become youtuber like you. You can guide me,0,2024-04-18T12:58:59Z
@aurthorthing7403,This sounds creepy AF!,0,2024-04-18T11:38:12Z
@ReadingWithShep,Pretty soon we will go to the feelies in brave new world.,0,2024-04-18T05:36:36Z
@diegotapiasilva7349,"It's not vr, its ar",0,2024-04-18T05:24:20Z
@davidsabaterrealestate7777,📣🦧,0,2024-04-17T23:48:55Z
@Crosswalker.,"I imagine this to be a really successfully mass product in the future IF they make it way smaller (maybe like googles glass), cheaper, longer battery life and still visually as sharp or maybe even better 🤔 but for now its just too big, too heavy, too expensive and 2-4 hrs battery life is just not enough... This can be the smartphone replacement of the future if made well...",0,2024-04-17T17:51:42Z
@TheGio777gio,"But why? ... The engineering is awesome, but all this is just so unnecessary, depressing, dystopian, and expensive, and a clear indication of how big companies are going all in to make sure they will always be there between you and the rest of the world, filtering it for you, showing you what they want you to see.",14,2024-04-17T15:34:41Z
@ROBDEWAND,so wait you cant wear glasses inside of the vision pro ? Thats a huge oversight as the occulus quest does have the ability to be worn whit glasses perfectly imo.,0,2024-04-17T14:36:57Z
@ArtThingies,"I think they should make a control mode where the control locks to the last interacted object (or maybe with exceptions like panel resize) and you switch to control the thing you are looking at only when you make a swipe gesture with your finger, and then it locks to that control. It could be toggled, but I think some people might find this a little easier to fix that ""it always controls only exactly what you are looking at"" vibe",0,2024-04-17T14:08:13Z
@kisaragi-hiu,"Waiting for Valve to manage to make Vision Pro for the masses: maybe less expensive, running Linux (SteamOS), without having to buy into Apple's ecosystem.

The Vision Pro, despite being a bit of a vanity product, looks absolutely incredible. It has the same frustrating edges as other Apple products (if Apple didn't lock down app distribution there'd already be 3rd party YouTube apps), but it still looks incredible.",1,2024-04-17T11:55:35Z
@ragenarosER,This is that one item that will be fun 2-3 days and u ll get bored,1,2024-04-17T08:54:23Z
@vukkumsp,Apple being Apple,0,2024-04-17T07:52:48Z
@poopscoop9016,"Actually seems pretty impressive. Price, capabilities, weight, etc.-wise it’s deffo not there yet, but we ARE getting there, this is basically a public beta to push the tech forward",0,2024-04-17T02:11:34Z
@staciemohler4624,"People with a lazy eye hearing that they got to look at it for it to work ""I'm like what he say fuck me for""",0,2024-04-17T02:08:34Z
@JustBuyTheWaywardsRealms,This thing look like the perfect wc companion but it cost too much sadly,0,2024-04-17T00:43:41Z
@SuchiththaW,"I feel that this whole spatial computing is a way of avoiding the more nebulous term ""Mixed Reality"" for things that are halfway between Virtual and Augmented Reality.",1,2024-04-16T23:11:50Z
@bagthecadran,The persona feature is cool but they should lean more into what a persona means. A representation of yourself which isn’t always like reality. Let the furries turn it into the fursona feature.,1,2024-04-16T22:57:50Z
@Zachary-d5k,"Apple Vision Pro, don’t buy this product. Why u might ask, cuz it’s useless, it’s impractical, it went to far, and basically a iPhone but into a VR headset. So the question remains…..what’s the use of this product??? It’s a VR IPhone 🥽📱",0,2024-04-16T22:55:25Z
@sidthesloth12,"Whens the last time you heard someone use the term ""Daisy-Chain""...i like this guy, whoever he is",0,2024-04-16T15:39:54Z
@AnnaCurser,"for someone living in a country where people and politicians just realised that the interenet is a thing, this is just black magic",0,2024-04-16T15:21:23Z
@knate44,"I think they are over thinking it with the persona, I kind of wish it just did simple cartoony eyes to save battery and computing power, and would probably help with the uncanny Valley of trying to recreate photorealistic copies of your eyes on a screen.",0,2024-04-16T14:35:23Z
@blablabob47,"The vision pro seems like it would be super fun to use and I would be obsessed!
For like a week.",0,2024-04-15T21:18:16Z
@avivat3010,"I always love listening to your reviews, Marques. Honestly. I'm not really into technology. You are honest, highly organized, clear, and concise and by the time your review is over I feel I know everything I need to make a decision about whether to purchase or not. If just want to find out about something you are my first go to. Thank you  so much for your great reviews.",1,2024-04-15T02:03:13Z
@juuvve,Can you connect with other people and have them in same room?,0,2024-04-14T07:12:16Z
@itzashan2584,"Why am I still here, knowing I can't even afford it 😢",0,2024-04-14T00:25:19Z
@anthonylee5982,I'll pass... Thanks...,0,2024-04-12T20:07:50Z
@paolo567,Killer App is watching sports and concerts. Also travel industry will be highly impacted,0,2024-04-10T15:48:20Z
@prz98,5:21 im pretty sure there’s some option to turn them off in settings. Cutting off power in the middle of running the device can’t be the only option,0,2024-04-10T11:46:08Z
@AdeSinica,Deffinately people with glasses are not included in the target group,0,2024-04-08T22:32:12Z
@imnicelikethat,35:33 nice ad marques you think you slick with these subliminal ad placements 😂😂,2,2024-04-08T15:12:23Z
@Ghostcat8,"If you have it, buy one, dont open, but it in your storage and sell it for 200-300k in 10-15 years",2,2024-04-08T11:33:45Z
@keidwyn,I can imagine that for those who suffer from paralysis of the body in some way this would be so freeing for them,0,2024-04-08T04:01:19Z
@prinzexisalowqualityytber,crazy how this video got this many views in such a short amount of time,0,2024-04-07T15:17:55Z
@beeonthyme5760,"As a housebound disabled person,  it's worth it because you are able to be excited and passionate about the world around you,  even if you can't walk anymore",612,2024-04-06T11:34:04Z
@ChrisWilliams-vm1do,"Spatial Computing?  😂. Whatever. I have no interest in working with something hanging off my head being uncomfortably distracting.  I’m sure there some very specific applications that this may be a great device for, but for the average user, no. You want to move these off the shelf fast, like XBOX or Sony Play Station fast, bring on the games!",0,2024-04-05T19:56:45Z
@teephud369,Can't wait to see the nerds walking down the street with these things on...,0,2024-04-05T18:11:36Z
@transgreaser,Excellent breakdown. Probably won’t be able to ever try but super cool to experience it a bit through your eyes. Really great breakdown. 🤙,1,2024-04-05T05:55:11Z
@sarahmawia7344,Marques brownlee I am here I am using it now,2,2024-04-04T17:14:21Z
@DriftArcana,"You know what would be really cool? Some sort of haptic gloves to make the augmented reality even more “real.” 
Somehow, while wearing the gloves, when you reach out to something, you actually feel like you’re holding or touching an object - via some ‘constraining’ or ‘vibratory effect’ within the gloves.",0,2024-04-03T03:18:36Z
@DennisJohns615,Imma wait for the temu version,0,2024-04-03T00:07:37Z
@mrlij6534,"wow. thats a lot of view sir. this brotha here is smart. talk about  something everyone in the world relates to, Tech and its evolution. But you also do it extremely well, and thats probably the most important part. Bravo- i havent seen anyone on youtube messing with your views , its nutz",2,2024-04-01T23:27:33Z
@Jegedekennel-os4ig,what if you are cross eyed,7,2024-04-01T22:42:00Z
@IRRoy-69,"I bought the Samsung S24 Ultra, so obviously, i will never be able to buy anything ever again, but I love your tech reviews.",0,2024-04-01T22:36:43Z
@FerhatOrhanMantici,"Nice, but is it really necessary?",0,2024-03-31T13:33:17Z
@johnaguilera7771,lol no YouTube app what is it an iPhone 4? 😂 I’ll wait till they get it right,0,2024-03-31T13:23:08Z
@cassiamurray5253,Pin please!,0,2024-03-31T05:50:53Z
@kathyclem-tb6ct,I want a painter app,0,2024-03-30T21:07:16Z
@dinosore4782,bro called it 2k face scan looking like a nintendo 64 character,0,2024-03-30T16:29:26Z
@kaberlini,Damn this video was really interesting and super well edited! Thank you for the immersive experience 😊,2,2024-03-30T09:42:38Z
@kieding123,Do you still use it?,0,2024-03-30T01:51:29Z
@v1n88,"This Guy will Criticize Apple Because they dont pay Him, but he loves to hide bad about Samsung ykwim",2,2024-03-27T05:17:47Z
@stephenyeboah7430,what is it for,2,2024-03-27T02:10:59Z
@gksdgr,"Η γνώμη μου είναι ότι, θα γίνει ένα από τα καλύτερα εργαλεία στην εξυπηρέτηση των ανθρώπων και μάλιστα πιστεύω ότι τα επόμενα χρόνια θα αντικαταστήσει στην διδασκαλία τους εκπαιδευτικούς κατά 90% περίπου. Επίσης πιστεύω ότι έρχεται και το τέλος των κοινωνικών ανθρώπινων σχέσεων όπως τις γνωρίζουμε σήμερα.",1,2024-03-26T15:36:42Z
@t.j.hunter1149,"""If it's an URL you can actually say out loud."" lmao",1,2024-03-26T10:23:22Z
@stevecausey545,I think those would let a person walk right out into busy traffic,0,2024-03-26T01:59:09Z
@FlatEarthDenier,"Really needs controllers as an additional thing, it’s such a waste that this thing is incapable of playing any real vr games",0,2024-03-26T00:13:38Z
@FlatEarthDenier,It’s really obvious the gen 3 version will be the offical release of this product. This version is clearly a beta model,0,2024-03-26T00:12:52Z
@WhiteTigerOnYoutube,"If you're almost uni age and reading this, go to physiotherapy college. Plenty of newly arthritic fatties will be looking for therapy by the time you graduate. Yeah, and buy shares in pharmaceutical companies making high blood pressure and diabetes meds.",0,2024-03-25T22:20:19Z
@WhiteTigerOnYoutube,Burglars no longer need to wait  till you leave home 😂,0,2024-03-25T22:11:08Z
@Foxy._.2004-3,What if you have a lazy eye ? 😂😂😂,0,2024-03-25T17:50:36Z
@tao-mkj,the fact that you didn’t even once mentioned gaming saddens me. so much of this tech could be used to make amazing gaming experiences but Apple has always shunned gaming and viewed it as a second class citizen,0,2024-03-25T14:02:47Z
@KarimY-119,the outside display is quite dim even for white skin,0,2024-03-24T20:17:44Z
@Olive_Chap,The most order this thing will get is from US DOD they will use this any day over BAE 500k helmet with way better visual quality,0,2024-03-24T12:05:23Z
@pavelsoloway3675,"It looks just like any of these Chinese AR glasses, but with somewhat better controls",0,2024-03-23T22:18:43Z
@Nongwadla,"Once Samsung takes on this space it's going to be amazing especially if they integrate connectivity with all their other devices; smart TVs, smartphones and all...",0,2024-03-23T17:03:28Z
@88SZALASIFERENC,Nice  futuristic options in it but not 4K nice.,0,2024-03-23T03:05:37Z
@40MPG,Definitely can see this being outdated already,7,2024-03-20T18:42:00Z
@no_handle06,there might not be killer apps. i know a bunch of killer websites tho.,0,2024-03-20T13:05:23Z
@Dep1369,Ok am buying the Meta quest,1,2024-03-19T21:25:37Z
@Dogeatingbroadcast,thank you for this review.,1,2024-03-18T23:48:41Z
@silence3363,Isn't that AR and not VR?,0,2024-03-17T21:16:25Z
@rayseanw,🔥🔥🔥 appreciate this video,0,2024-03-16T18:15:54Z
@breadandbutter0080,ecosystem is a downside when it comes to apple not a plus,0,2024-03-16T05:25:29Z
@god-son-love,The black orange site is the killer app.,1,2024-03-15T22:11:16Z
@juancp3535,How can i setup the external camera for more quality? ( 240p at now ),0,2024-03-15T16:21:59Z
@mat-w1y,وريا,0,2024-03-15T03:37:23Z
@makerblue,"No YouTube or Netflix app is almost a deal killer, almost",0,2024-03-15T00:25:17Z
@fadeahmad1828,"I think it’s not good , why because this app belong to for one person. If you have a big family you should have mane app 🤔",0,2024-03-14T06:24:26Z
@Mary-bs3rq,Well Done!  It was a pleasure watching.  Thanks!,2,2024-03-13T05:55:47Z
@Kennybooy9,Really great review.  12/10. 🥂,1,2024-03-12T23:41:14Z
@angelachristina.v,I think this is a sad moment for humanity… the implications of this plus AI are infinite. great review though!,0,2024-03-12T03:35:14Z
@Nujituu,Bruh 3.5K for that no way!,0,2024-03-12T01:25:39Z
@christopherlmoo,The future is coming,0,2024-03-11T20:31:18Z
@Sarnoirx,so whats the use of this thing exactly?!,0,2024-03-11T19:37:53Z
@jordanhallman1,The implications of this are insane. Just think about how you can apply filters to people around you to make everyone look like super models. Or make everyone look like bowser. In real time. This is going to change the way we live. Possibly how we treat each other.,0,2024-03-11T14:32:57Z
@subhas429,I can't buy still watching,0,2024-03-11T07:47:12Z
@daymenleo6895,Dunno on all this tech i hear Ipads go for 100-150 used its as large as a VR screen,0,2024-03-10T21:50:26Z
@reidwallace4258,"I really thought the tv stand was the most confused by mac people I'd ever get, but no... once again, yall fuckin blow my mind.",0,2024-03-10T20:20:01Z
@hkamobile,"One important question, we may wonder!   How many hours of Vision Pro we can use,  until we used up our eyes.   
Simple down to, what wave of light, is going into user's eyes",0,2024-03-10T15:44:30Z
@uptownmobilecardetailing,35:33 That’s the most subtle FedEx ad I have ever seen,0,2024-03-10T15:15:40Z
@davidwilliams4239,"I just don't see the value for the cost justifying itself. I mean, this is a very, very, expensive piece of equipment. If people are happy with it, cool, but it seems like it's a niche thing and made for those with lots of disposable income and not the general public.",0,2024-03-10T10:41:40Z
@Lydianon,What's the point of all the regular apps? The ones without 3D functionality? The headset is just useless for them.,0,2024-03-10T06:45:03Z
@9to5Vision,So good!,0,2024-03-10T04:53:57Z
@michaeldolton7868,i like the look of the AVP,0,2024-03-09T01:52:37Z
@aulait3362,RIP my neck,0,2024-03-07T18:52:55Z
@itgoose597,I am super impressed with your video and with the tech. Both are best-in-class.,2,2024-03-07T14:55:50Z
@rd-pd8xb,I want it just so I can have a pretend race car in my house.,0,2024-03-07T06:22:13Z
@NumNumbat,"Just what we need, soulless corporation tracking our microexpressions and eye glances.  No wonder they're pushing this",0,2024-03-07T02:20:14Z
@JustMilantra,Imagine if google glass actually buckled down and kept production going,0,2024-03-06T14:37:47Z
@ahmedelsayed6359,I feel that this video is a paid advertisment.,0,2024-03-06T13:12:29Z
@denish-themenace,Will it blow my head off like my ex did?,0,2024-03-06T11:43:02Z
@ThomasCollectables,"No Netflix, spotify or youtube. So the most important apps aren't available. Got it.",0,2024-03-06T10:37:06Z
@schmetterling4477,"The only killer app I can see here is the ability to impersonate someone you aren't. Here is the problem: when I talk to you, I want to talk to YOU. You can be the nicest person in the world, but if you pull a fake avatar on me even once, then you are automatically in my liars' bin and you will never get out of there.",0,2024-03-06T08:27:47Z
@YAMOTHAS,"NOT THE ONLY WAY TO TURN OFF , it shuts off like iphone hold LEFT TOP BUTTON AND RIGHT SHUTTER BUTTON. It will pop up on screen and you will see the normal slide shutoff sequence",1,2024-03-06T06:28:23Z
@jjlad5037,"For an old fart like me, what possible use could I have for this gadget?",0,2024-03-06T03:27:51Z
@Aviationatmsp,Three more years until 2027 crazyyyyyyyy,0,2024-03-06T02:18:00Z
@Aviationatmsp,I can’t wait till I’m thirteen 😊😊😊😊😊😊,0,2024-03-06T02:17:08Z
@andyb9664,"Despite any cons in the list, this product is just incredible 👀",0,2024-03-05T21:54:49Z
@randallolson7630,"You said it calibrates to your eyes? Will it be able to do that through the lenses of my glasses? Is there enough room to accommodate a pair of glasses without touching the inside of the Vision Pro lens? Or would I need to switch to contact lenses? When I wear contacts, they are bifocal contacts. Will these work? I'm far sighted with astigmatism.",0,2024-03-05T06:21:00Z
@Zach_3080,Stupid thing to spend money on😂,0,2024-03-04T16:06:03Z
@Bluch4ese,Mane got paid so much for this video $cashman2k22 help me out,0,2024-03-04T11:12:58Z
@adamsunderland5618,"Apple should add another camera to their phone to enable you to take stereoscopic photos and videos (3d photos and videos), then you could view them on the apple vison pro.",0,2024-03-04T10:00:45Z
@DJDTM,"Awesome review, this video saved me from wasting $4,000 on another useless Apple product :)",1,2024-03-04T04:23:29Z
@suwashsinghkhadka758,Whats the use if I cant use youtube and Netflix,0,2024-03-04T02:20:18Z
@Raccoon_AW,"Imagine rewatching it in 10 years- “lol, look how bulky and awkward it is!”",1,2024-03-04T00:59:54Z
@SaintMorello,review a perc 30 next,0,2024-03-04T00:47:40Z
@dsaw-u9g,imagine a future everyone is like this wearing vision pro,0,2024-03-03T08:18:28Z
@mastertech1961able,"Nope it’s not for me, I don’t like being compromised from the real world. I don’t even wear ear buds or headsets. But that’s just me.",0,2024-03-03T03:23:34Z
@HenryJBR,I love the Apple Vision Pro,0,2024-03-03T01:19:25Z
@HenryJBR,I hope I could order a Apple Vision Pro before they ran out,0,2024-03-02T22:25:52Z
@jasonstewart998,I used my sons VR for about 40min. I was left with a headache and feeling cross eyed,0,2024-03-02T21:58:47Z
@jacky_foxboy,Imagine playing osu! with that thing,0,2024-03-02T21:14:53Z
@Vigoonline,Very cool 😎,0,2024-03-02T18:08:06Z
@AliJBR-p2r,Man you are the best,0,2024-03-02T17:06:34Z
@mmmmarkk,Im just happy; if you ever watched READY PLAYER ONE: yes we are headed there😊,0,2024-03-02T04:45:58Z
@stephanepizzo1240,"still, why would you buy this thing, what is it for?",0,2024-03-02T03:48:22Z
@CozyCognite,Hey dude always enjoy your stuff. Your reviews really help me with purchases…. but I need a Flossy Carter sign off. You think you could talk him into trying it out. Not to mention that would be one helluva collaboration ❤,0,2024-03-02T00:22:58Z
@Indianboyz1096,I didn’t know thanasis had a yt channel,1,2024-03-01T23:38:06Z
@rajeevlama7310,No matter what I am buying .. amazing technology 😮,0,2024-03-01T16:45:28Z
@nickleewilliams,"The fact that this is your second most viewed video of all time in the history of your channel (25 million within a four week time period at the time of posting this comment) says a lot about the popularity of this product. You’ve made a lot of brilliant videos in the many years you’ve been on this platform, and you gained 25 million views on this insanely fast, and it says a lot. Absolute insanity. Obviously the amount of views gained in this case is not just down to the popularity of the product, but it’s also down to the popularity of you. You’ve always made high-quality, informative, well produced and well edited videos. I love that your main goal is to inform customers of everything they need to know before making purchases or even after making purchases. You were a good egg. Keep up the hard work and I say that not just yourself Mark but to your entire team. Thank you for all you do.",206,2024-03-01T08:55:57Z
@mikecrystalrobert7898,"1year later 500,000,000$ lawsuit due to Blindness cause by wearing Apple vision pro 20hours a day",0,2024-03-01T05:28:15Z
@rupeshmalpani,Woah,0,2024-03-01T00:38:37Z
@Nitro0711,"2 Hours??? That's hilarious, my Xbox 360 controller lasts *_WAY_* longer than that! 😂😂😂😂😂😂",0,2024-02-29T22:21:18Z
@translovernavnya,A BTS video of this review would be sweet! 🙃,0,2024-02-29T19:40:42Z
@kinamod2k,"I don't care about this thing at all. I'll never buy one, but I just watched this 36 minute video...That's how good you are at this!",0,2024-02-29T15:37:27Z
@francisanyanwu5998,Watches in poverty,47,2024-02-29T05:59:00Z
@Pete0621,For the oil tycoon child with nothing to live for,0,2024-02-29T04:19:33Z
@SemeX9320,Nah I wanna pass,1,2024-02-29T02:45:05Z
@GeoffCK,What nonsense. The novelty will wear off really fast.,1,2024-02-28T19:38:44Z
@teejayman215,"If they have a batterypack anyway, why not build lighter glasses again and put the components in a box? 
Who designed these?! Lmao",0,2024-02-28T18:11:50Z
@itsdaninn,Is that your sister in the thumbnail?,0,2024-02-28T17:00:24Z
@googoo5555,"Did they created gadget that will make youth more addicted to net , thus more control over a being? On contrary ,it can be useful for individuals who’s working on the net. Instead of sitting 8-10 h at the desk,this can be useful",0,2024-02-28T14:29:29Z
@grizzlyadamblack,Just be sure if u use these not to wear them in big cities. You are warned now,0,2024-02-28T12:54:47Z
@taimoorkhanofficial0,apple is close to be Tony Stark Industry,0,2024-02-28T12:43:33Z
@taimoorkhanofficial0,people calling it odd to wear in conversation but its just the start to where it will be,0,2024-02-28T12:37:31Z
@elitealice,We’re so close to the nervgear from Sao,0,2024-02-28T12:00:25Z
@thecrazysharma,how many pages of script does this video have ?,0,2024-02-28T11:55:32Z
@samratmitrafeb14,"This is weird, and as pointless as the google glasses",0,2024-02-28T11:05:54Z
@StardustLegacy,Wonderful overview. I just did the demo at the Apple Store and you really added a LOT to my understanding.,2,2024-02-27T22:33:46Z
@MrGfpf,36:33 Pros and cons,0,2024-02-27T16:08:18Z
@ringo1029384756,"This is some pretty dystopian Black Mirror stuff, right here.",0,2024-02-27T11:46:28Z
@romer_creation,does it have night vision ?,0,2024-02-27T11:05:18Z
@TheBroDotTV,Worst product Apple has put out. Might have a lot of applications within the work environment but otherwise it's a straight no.  Horrible device.,0,2024-02-27T09:57:14Z
@Poké_Playa,im down but gonna wait for Vision Pro 2,0,2024-02-27T07:17:19Z
@Noliedude,This device both scares me and excites me lol,0,2024-02-27T04:07:24Z
@caramel7149,It's secretly an Obito Cosplay.,0,2024-02-27T02:09:38Z
@SiyandaVKhumalo,ready player 1 prequel,0,2024-02-27T00:17:04Z
@jimmydean88,That look at 29:05 had me howling with laughter haha,0,2024-02-26T21:08:37Z
@jiayeyang,It’s good innovation. But not for the average consumers yet,0,2024-02-26T20:12:52Z
@BigBillBixby,What about crosseyed people?,0,2024-02-26T15:47:40Z
@sk-wl7we,"Hi @marques, have you ever wondered that Andro-humanoid robot named Sophia handling apple vision pro, can you please make a video or provide information on that.",0,2024-02-26T14:31:16Z
@Potzten,In terms of high quality materials you propably should watch Jerry's video,0,2024-02-26T14:22:39Z
@ម៉ាប់ក្រុងសួង_Videocreator,Want play but i'm poor 😂,0,2024-02-26T12:06:03Z
@connor5837,The attached external battery makes no sense when you could just buy a separate battery pack for 20 dollars and use as needed,0,2024-02-26T11:43:38Z
@inSpaze,I found a cool social app on vision pro called inSpaze,0,2024-02-26T10:22:45Z
@Shepard-1,"So apple made their own cable again, just like the lightning jack. In the EU by law, electronic devices should come with USB-C cables to limit the E-Waste we produce. How did they get away with this bs again?",0,2024-02-26T10:01:46Z
@qubitkev,"itd be cool if they made it so you could lock what ur looking at and then look elsewhere and still controll what u were lookin at. maybe like a double click with the other hand, or making a fist while lookin at it",0,2024-02-26T08:34:48Z
@xXBobbyXx86,Lbs bro use or mention lbs for the rest of us peasants 😅 god now I have to go to Google to convert 😢,0,2024-02-26T06:13:31Z
@CasualTS,"That Facetime demo looked really cool!  But it's disturbing how the personas ""eat"" your ears.  The hair is kinda bad, but the missing ears throws it straight into uncanny valley for me.",0,2024-02-26T05:53:48Z
@dannymelton7666,One step closer to the oasis from ready player one lol😅. Can’t wait for it,1,2024-02-26T03:22:56Z
@orca717,"It's really cool, but I don't really see a reason to spend $4,000 dollars on it.",0,2024-02-25T22:13:48Z
@aviator_lovers,My brother in law was the manager of the Apple Vision Pro and he is very proud of it!,24,2024-02-25T22:13:09Z
@nothisismyhandle,"I really hope this goes the ""supersonic flight"" way.",0,2024-02-25T20:27:08Z
@GriefGuru89,Look at this distinguished gentleman look at the way he is sitting yes 🦁,0,2024-02-25T20:14:23Z
@rickyracerr1,"It's been shown that cell phones placed against your head can cause DNA damage to your cells in your brain. This thing sends signals directly Through Your Eyes into your brain. Technology wasn't developed so they can make us happy and entertain us. It is to track us and control us. Control?  If there's technology inside this headset that can hypnotize you.... without you knowing it... think about what they could make you do to yourself...... or to others. Fun fact, Apple sold its first computer for ""666"" dollars.",0,2024-02-25T20:07:42Z
@Elliot0666,"I made the mistake of showing my family this video 

It's okay when you're just watching on your own but suddenly this video became incredibly boring when multiple people are watching 

You repeated yourself a lot and said a very large amount of trivial things that had people sort of irritated waiting for anything to happen

Not hostile feedback but yeah 
It was hard watching this with people waiting for something to happen and the waffle to chill out.",0,2024-02-25T19:36:24Z
@mikebarns1554,"Let's get real, these devices are created by geeks for geeks based on what looks cool etc..not based on solid marketing or usability. The makers and designers live in a bubble of their own unable perceive the usability of their creations outside their perceived reality. Sure, it's a device good for some things like gaming and multimedia. However, all the physical gestures required will literally get tiresome after a while. Not to mention the physical discomfort that results in wearing it more than 45min or so. Imagine putting that on a hot humid day! As I type this on my oversized smartphone, which I have been using 50min or so, the finger tips on the hand holding my phone are almost numb while my elbow is sore from resting on my desk. My point is.. this is a gimmick that will have niche adopters and not for the general public. Specially with that price point.",1,2024-02-25T16:32:27Z
@ComeJesusChrist,"This is a device that marks the new era of digital slavery and the final stage of human existence at the end times. People are getting dumbed down, are getting lost in meaningless and false visual environments while separating themselves even from their own family members and it is as frightening as it gets. I’m going back to my old Nokia dumb phone and notepad. I had enough.",0,2024-02-25T15:00:16Z
@simjam1980,"How can they create tech like this,  but they cant design a battery to last more than a few hours?",0,2024-02-25T12:24:17Z
@simjam1980,"Far too big for all day, every day wearing.  But a few more years and it will become smaller and lighter. Then it will be integrated into our lives full time.",0,2024-02-25T12:21:38Z
@joaoleitaoviagens,"Great review, Marques. Greetings all the way from Morocco.",1,2024-02-25T11:01:20Z
@shmo8958,Did i miss the part about if you need to use it with the lights on or not .,0,2024-02-25T07:27:31Z
@YEDIUM,19:06 / 37:18,0,2024-02-25T06:20:06Z
@TheRealDannyF,Can you use the eye tracking/finger pinchy thing instead of the trackpad on your Mac?,0,2024-02-25T04:33:45Z
@miralinj78692110,it's mean you have to have apple product to used it while I'm always fan of Samsung and never used apple in my life.,0,2024-02-25T00:36:29Z
@Xel-eX,"If any other company released a product like this, it would flop. the only reason it has anyone looking at it as a serious item is because it's apple.. Solid pass-through seems to be the only new technology the headset has brought to the VR world and even then, meta is close enough in their headsets pass through that it doesn't really justify spending 3-4k. Other headsets have high pixel density, other headsets have eye and face tracking, other headsets have hand tracking with the exact same touch based interface, and what's worse, projecting the screen in the headset was one of the earliest features VR headsets had... Based off everything you've mentioned here, there's no real reason to spend money on the vision pro, it's just not that useful for anything that other VR headsets already have, and have done better. 

One could argue that seamless integration with photos and other things on your devices is cool. Sure, but is it 4k dollars cool?",0,2024-02-25T00:08:12Z
@unnt,Imagine someone robbing the apple store and using the apple vision pro and a mask to hide there identity 😂,0,2024-02-24T23:50:50Z
@tol-mol-ke-bol,okay. so I learnt that the HOLI festival this year falls on March 25th !!,0,2024-02-24T20:55:47Z
@louihursey4478,Wait... I thought he got Cybernetic Enhancements?,0,2024-02-24T20:37:38Z
@Mrghj3656,"this ""VR"" just awesome 😂",1,2024-02-24T17:43:11Z
@MissingInAction2,Cant wait for features to suddenly stop working after 2 years and having to buy a new one,0,2024-02-24T16:27:00Z
@jamesanddanica,"The way I see it for now? It is most useful if you use it to connect to your Mac for wide vision. A few more years needed so it can be fully immersable and completely useful for a wider set of users. Right now, I can't say I see innovation. I just see the hype. It is missing that ""Steve Job-Innvation feeling."" It is plainly ""hype"". Plus the price? lol! it's useless at the moment and probably will damage our eyes even faster.",0,2024-02-24T16:26:16Z
@shiverURtimbers,"Cons, you said price, they laughed",1,2024-02-24T13:53:46Z
@sigrid.koppel,Imma get the vision pro in 5 years when they've properly updated it. it sounds really cool tbh,0,2024-02-24T12:45:45Z
@Virtual_Realm_Of_Hardyc,Great thumbnail! The couple looks amazing together. Perfect girl with a perfect man! love you♥️🔥,1,2024-02-24T12:18:51Z
@ahirboy720,Iphone 16-17 will have 120 Hz display!!,1,2024-02-24T12:03:13Z
@ahirboy720,This comment won't get 12.5 Likes!,2,2024-02-24T12:02:53Z
@ahirboy720,It took YouTube 10 years to show this to me,1,2024-02-24T12:02:34Z
@infinox_2543,"15:04--> waiiit a minute, HUH",0,2024-02-24T11:54:10Z
@sounakmallik4725,"Just waiting xaomi, samsung to come up with this😂😂😂",0,2024-02-24T10:57:16Z
@SARAVANASUNDAR-d3o,What is the use of vision pro,0,2024-02-24T08:27:41Z
@drxen8678,Poor me watching this 🙂,0,2024-02-24T08:23:23Z
@isupportthecurrentthing5225,I have no use for this. So i'll pass.,0,2024-02-24T03:50:05Z
@mackiequadra734,Waiting for the VR than can provide the specs of a PC so i can play MMORPG lol,0,2024-02-24T02:35:47Z
@--Voltz--,"*Yeahh, this is deff not worth 4,000. I'll be like the other devlopers who opted out to see whats to become of this product, then, i might buy it and utilize it once all the kinks are taken care of*",1,2024-02-24T02:28:19Z
@nanane19994u,peace,0,2024-02-24T01:10:29Z
@theoracleofpop,"Me: Ain't no way I'm watching this long ass video about a VR headset from Apple
37 minutes later:",0,2024-02-24T00:52:46Z
@HaveAniceDay2450,I think Apple pro vision will be fun if you are stoned,0,2024-02-23T21:56:02Z
@CreatureOfTheVoid,"Its a great idea, but im not sure i like the idea of big tec having some much personal data on their servers, for one, your basically providing your own mug shot to allow you to be tracked by all the face recognition soft ware on CCTV systems",0,2024-02-23T21:17:20Z
@enscalight,"1:45 ""This is a thing we've have seen before"" 
Basically everything apple made and claims is ""new"" and ""innovated""",0,2024-02-23T20:48:36Z
@firulais69,WACKK,0,2024-02-23T20:08:42Z
@cdante13h,I thought the cable was removable. I think I saw that on LTT,0,2024-02-23T19:59:30Z
@mihaig6440,Useless,0,2024-02-23T18:12:29Z
@bosshawg80,God warned his children this day would come we already live in a false reality without VR,0,2024-02-23T18:09:05Z
@alvinellie,WOw! That Full Immersion dial switch is just 🤯 Mind blowing. Great product. Already,1,2024-02-23T17:51:20Z
@rothn2,"This looks really cool! However, I just finished de-Appling myself because I was annoyed that they keep taking power tools away from their OSes and removing advanced features, and they didn't let me fully fix my last phone. We need something like this for the Android+Linux ecosystem!",0,2024-02-23T17:31:21Z
@rothn2,"This looks really cool! However, I just finished de-Appling myself because I was annoyed that they keep taking power tools away from their OSes and removing advanced features, and they didn't let me fully fix my last phone. We need something like this for the Android+Linux ecosystem!",0,2024-02-23T17:31:12Z
@gene_Code,Isnt blue light super bad for your eyes?????,0,2024-02-23T16:49:43Z
@Hamschter_CH,"Ok, really not an apple fan but this is amazing.
Is it somehow capable of realtime motion detection/tracking or night vision? Hmmm?",0,2024-02-23T16:36:24Z
@scottwilliamson7276,Again way to come into the game late Apple and act like you invented it.,0,2024-02-23T15:54:05Z
@TushhsuT,"cool! No repairs needed anymore. Just map your apartment and all it has in ""vision"" and let it be  some penthouse design. No cockroaches running around, no neighbors through the windows. no bad region of the city. Nothing matter. Just map it and live wherever you want. Soon no external repairs of building also will be necessary - the owner will just buy an online update and everyone seeing your house will see a brilliant house. both outside and inside.",0,2024-02-23T13:57:28Z
@RobertoMettifogo,is there an headphone plug ?,0,2024-02-23T13:52:05Z
@RobertoMettifogo,"can you easily operate it.. watch a movie, check your emails, while you are laid in your bed ? (with objects on the floor instead of in front of you), or laid in your bed on your side ?",0,2024-02-23T13:50:32Z
@TheHeadShotMekanic,"This device is 100% not worth it, and if you buy the first generation of anything you might be a moron. The fact that I have to carry around an external battery pack to power this headset is absolutely stupid the second thing is people are complaining about eye strain. how the F are we not at 240 Hz in all of our devices that would reduce eye fatigue and strain like crazy. Simply put the technology just is not here yet and Apple is trying to push something that they have not mastered yet this device is 100% a waste of money",0,2024-02-23T13:37:09Z
@moneygettingmovement7901,This will be the most used useless tech of 2024,0,2024-02-23T12:53:11Z
@AutobahnVault,This thing is dumb. And dangerous,0,2024-02-23T11:26:43Z
@bosstowndynamics5488,"IMHO we should really move away from mAh as a measure of battery capacity because 2 packs with the same mAh rating can wind up with 2-3 fold more or less energy in them depending on voltage. I've already seen this cause confusion eg with an Anker battery I bought that has bad reviews for being 5Ah instead of the advertised 10Ah, which is technically true because it uses 2 5Ah cells in series instead of parallel. It has the same energy content as a traditional 10Ah battery but it's technically not 10Ah.",0,2024-02-23T07:11:19Z
@v.o.cclicc8886,its the 'If you have a darker skin tone like me' that finishes me.,0,2024-02-23T07:06:26Z
@alanmartin2221,Underwhelming,0,2024-02-23T05:01:55Z
@AFowkingPanda,That fact it comes with a single strap instead of a duel strap is hysterical,0,2024-02-23T03:59:53Z
@mokivalantine2208,Lol God when . 😢😂😂,0,2024-02-23T03:37:20Z
@kathleenprotest7044,Free Congo🇨🇩,0,2024-02-23T03:26:45Z
@getgggged123,"Men of culture....
Im gonna need a review of the question we all have. 
Thanks",0,2024-02-23T03:25:30Z
@Ajajayaful,Apple gets away with false advertising again.,0,2024-02-23T02:41:26Z
@PtangPtangBiscuitBarrelSmith,"Total nonsense, It is still an expensive potato.",0,2024-02-23T02:05:43Z
@Alex_Chilton,Wow that typing is horseshit. I would have atleast imagined it integrated with the $1500 iPhone in everyone’s pocket and can atleast utilize the iPhone as a controller or keyboard.,0,2024-02-23T01:49:07Z
@ashmanmedia,Okay a meta user here what is apples Vision Pro competition to meta Horizon Worlds? With persona?,0,2024-02-23T01:08:05Z
@GerardoGonzalez-mu9ls,Most definitely the future,0,2024-02-23T00:53:23Z
@Duffy46,Mark Zuckerberg wants reallife eye movement for his robots,0,2024-02-23T00:07:57Z
@Duffy46,government wants our eye prints,0,2024-02-23T00:07:04Z
@brianchizaza1989,This thing sounds like an expensive recipe for a migraine,0,2024-02-22T23:58:42Z
@tttuu3309,Would love to use this for trading,0,2024-02-22T23:55:09Z
@TechnologyInc24,Wow,0,2024-02-22T21:43:26Z
@matthewjamal,Idk man. Shit like this is just novelty to me.,0,2024-02-22T20:02:28Z
@fearlessjoebanzai,"You're more embarrassed by having a conversation than sitt next to someone looking like your conducting a virtual orchestra?
Ok.",0,2024-02-22T18:45:49Z
@kidsmooth6549,"I'm surprised it wasn't showing the arc of the ping pong ball and approximating the trajectory of it. Imagine a police officer using it if facial recognition features are added that correlate with a database showing your criminal history. Or some creepy dude using it to ""undress"" people using ai. It's one of those kinds of devices that's going to have to be carefully regulated.",0,2024-02-22T18:10:30Z
@awesomeaayush1,This video seriously blew up! 💣,0,2024-02-22T18:01:30Z
@guitaro5000,"30:45 ""Aw man! We forgot to test this on black people!""
- Apple",10,2024-02-22T17:11:32Z
@Mobstar76,I really wouldn't call it high end.. The fact that the battery pack is external and it being non-removable just shows how desperate they are to force people to spend money on their proprietary trash! Secondly is the lack of controllers. We all know Apple isn't really made for gaming but at that price point you'd expect it to run games and come with controllers. The Quest 3 is way more versatile and just a fraction of the cost!,0,2024-02-22T16:36:53Z
@9039justin,thx for the helpful introduction!!,0,2024-02-22T14:29:20Z
@Sounde-uv7vm,"if my eyes have cylinder, does it still comfortable or not? because if im watching 3D movie on cinema, its really not comfortable, still have to wearing my glasses and then wearing 3D glasses, so yes, double glasses 😅",0,2024-02-22T13:00:40Z
@mystride,"You missed the best feature: capturing and playing back spacial video of your friends/family/kids. That's the killer ""game changing"" app. You can relive your own moments in immersive 3D like you are there again. Also missed pointing out that iPhone 15Pro can record spacial video format for Vision Pro. Admittedly at a lower resolution than the Vison Pro itself captures spacial video.",1,2024-02-22T12:43:46Z
@muckerwood,pass,0,2024-02-22T12:05:55Z
@soumabharoy9516,"Me watching this, knowing i will never be able to buy it.",1,2024-02-22T10:55:49Z
@crazyfrog,Good Review !!,56,2024-02-22T08:44:17Z
@DiddyxSoka,Tbh I'd prefer apple vision pro instead of meta quest just because the fact that i dont like the ideas of a giant battery  at the back of my head,0,2024-02-22T07:38:45Z
@halakproductions,PLAYER 1 MOVIE WAS JUST A SENSITIZE.... HERE WE GO!,0,2024-02-22T07:31:54Z
@mohdakib8136,Why I'm watching this video I don't even have an iPhone 😢,0,2024-02-22T07:09:11Z
@-Dragonfyr-,"Say you're watching a video like a music concert video. Can the headset make it so you're in a full 360 3D environment of the concert?

I'm guessing not, just yet. But that would be a great feature.",0,2024-02-22T04:01:38Z
@Finndian,Also... you can't comfortably drink coffee without clunking the bottom of the headset with the mug.,0,2024-02-22T03:03:54Z
@Finndian,You can't do a virtual screen for mac if you have an older laptop! Back it goes!,0,2024-02-22T02:45:04Z
@curequranavirustoday6467,Lockheed Martin and every military company needs to join Apple to develop this headset to the moon,0,2024-02-22T01:36:07Z
@curequranavirustoday6467,Needs mouse n keyboard accessory to use faster or gaming controller,0,2024-02-22T01:34:17Z
@curequranavirustoday6467,I think this is a good social tool as well some rich kids can let poor kids play with this vr set and become friends,0,2024-02-22T01:32:29Z
@curequranavirustoday6467,I fully support this technology it will advance beyond our imagination and its useful for military truck drivers even welders if it can increase enough tint,0,2024-02-22T01:28:45Z
@curequranavirustoday6467,It needs a soft strap that goes over the top of ur head it's too much weight on the nose in its current form,0,2024-02-22T01:27:21Z
@curequranavirustoday6467,It's good sunglasses for truckers especially if it has special anti glare technology,0,2024-02-22T01:06:06Z
@WolfA4,I'm assuming if you look down at an android phone the phone is censored with a mosaic filter.,0,2024-02-22T01:05:43Z
@Mista808,Personas?  More like giving the FBI and the CIA every last detail of you that they'll EVER NEED willingly.  As if the invention of Facebook and fingerprint unlocking wasn't bad enough!  😂,0,2024-02-22T00:11:31Z
@Mista808,"Tons of potential, but also still has tons of let downs.  Of course it'll be a status symbol for those that don't feel that 4 grand is a lot of money, 
but for the larger majority I feel that it's just not fully ready yet to become a staple in our homes.  I feel like it's price point should be more like
$1200-1800.  Paying more than twice that is absurd at this point.  But again.. if you throw money around like it's nothing.. then of course it'll
be a cool thing to have.  Until then, I'll just stick to my out dated Iphone 11 Pro Max.",0,2024-02-22T00:04:23Z
@karimibrahim4093,"""If it's a url that you can actually say out loud""",0,2024-02-21T21:46:11Z
@Tasty.Jams44,It’s cool and all and interesting. But let’s be real. If this catches on it’ll be a nightmare for humanity as a whole for many reasons. I will never buy one of these.,0,2024-02-21T21:43:50Z
@asl-91,what sofa is that? 8:25,0,2024-02-21T18:15:17Z
@slahser,Imma just wait 10 years for this,1,2024-02-21T16:41:03Z
@IMORÐ,Why not add Siri in it ?,0,2024-02-21T16:25:37Z
@Guywiththedimpples,looks terrible but its the first so we will see where it goes 10 years down the line.,0,2024-02-21T16:13:57Z
@Pulgatar003,"Jig space on Apple Vision Pro is sooooo cool, wish I was having my own headset right now seeing all this 🔥🔥🔥😎😎😎",0,2024-02-21T15:33:30Z
@teodoraspasic4449,"My kids wants,but bro in Serbia 2x3.500 💰 is not possible.We are working hard here but we are far away from US standard.Good bless America😅",0,2024-02-21T15:23:07Z
@jaredborne1282,I really don't like the gloss front.,0,2024-02-21T14:43:18Z
@primeministerofthemilkyway,"This is a clear gateway to ""The Matrix"", not that it has to be a bad thing!",0,2024-02-21T14:25:13Z
@Galy,"Good review and video, but smartphones are addictive enough as it is. We are just slaves to entertainment at this point. I hope this and equivalent tech flops, but sadly it prob won't",0,2024-02-21T14:08:59Z
@polok3197,25 million View.. 😮,1,2024-02-21T12:42:53Z
@girijade9007,Bro's this video got 25m views in just 2 weeks😲,0,2024-02-21T11:05:56Z
@iloveyou-gf5iv,Why make design like sun glass for reason not awkward outside,0,2024-02-21T10:36:49Z
@LONEWOLF_64,Can u please do PlayStation vr2  vs apple vision pro,0,2024-02-21T10:18:13Z
@HelloKittyFanMan,Very cool video so far! I'll come back to it and comment some more later.,0,2024-02-21T10:15:55Z
@HelloKittyFanMan,"It *IS* AR, because anything like that has to use cameras to blend the graphics with the real-world space. My first encounter with AR is with my Nintendo 3DS, and that's exactly what it does. And then I think I've seen AR in others of these headsets but I can't remember for sure. Another time AR entered my life was when I played a walk-through video game at a mall with their cell phones. Yep, I don't know how it would work without being able to blend a camera image with its superimposures.",0,2024-02-21T10:13:43Z
@HelloKittyFanMan,"""...And it even sometimes casts a shadow on the ground...""

...except that we'd have to be outside to see that, rather than watching that happen to a coffee table or the floor.",0,2024-02-21T10:08:53Z
@HelloKittyFanMan,"""There are no controllers that come with this headset...""
...except all the ones that _come with this headset..._ as built in.",0,2024-02-21T10:04:36Z
@HelloKittyFanMan,"""All the weight is on the front of your face.""

* _Most of_ it.",0,2024-02-21T10:01:44Z
@HelloKittyFanMan,"""...Now there's nothing on the back of your head...""
* Shows the strap that will be _on the back of your head._
Oops.",0,2024-02-21T10:00:56Z
@tharaka8k8jayakody,"Her,
I would like to point out that the power cable can be removed from the battery pack.
Just need to use a pin in the hole and pull the wire out. 
similer to sim card eject",0,2024-02-21T08:29:49Z
@Akimitsu,How long does it take to get 4000$,0,2024-02-21T07:40:21Z
@vismaymuraleedharan9512,തുണ്ട് കാണാം 😅,0,2024-02-21T07:31:37Z
@quiz1quiz2,15:01 funny when that sort of thing gets out of hand,0,2024-02-21T07:05:52Z
@conalinmyburgh,Cyberpunk warned us,1,2024-02-21T06:44:17Z
@cryptosimsihc,they will develop their own netflix wait for it,0,2024-02-21T06:02:27Z
@youwatch1995,"Why dont they just put away all the electronic parts seperate from the goggle itself except the screen like what they did to the battery and add a keypad function like to nokia 3310 so it will be less heavy, less bulky on your head and you will not look like a moron trying to touch the air, or perhaps an application in iphone that will connect to your goggle so basically the goggle is just a screen without any functions without connecting it to your phone using the cable wire.",0,2024-02-21T04:13:19Z
@elgracko,"What Nobody mentions, not even Marques, is that the eyetracking is Marketing Gold, imagine knowing how long your eyeballs gazed on an ad,  if you just ignored it, if you gased for 5 to 10 seconds and then clicked on it,

You want consumer data to sell? these will give you data for years and years to come

Not to mention when it comes to designing the new Pixar pic, the next Marvel Movie, evaluating wether that new 5 million  dollar Micheal Bay scene caught peoples eyes, wether their pupils dialated, what elements they where looking at throught, imagine!

They really should lower the price, that data will pay for itself, with every Apple TV production, they'll get more and more data and could corner that market!",0,2024-02-21T02:28:59Z
@kevinsmith3476,I’m just exited for the future models,0,2024-02-21T00:17:42Z
@ltaylor7241,headache or eyestrain???,0,2024-02-20T22:23:47Z
@linnardspanthar6252,This actually the beginning of the Technology of Tony Stark Glasses given to Peter Parker.  aka Spider Man.,0,2024-02-20T21:39:19Z
@hexagonlive,When will you stop apple simping bro.,0,2024-02-20T21:27:38Z
@gusss_09,"How far we've come... really impresses me the fact we can do all these things and keep going to a 100% virtual world, which is kinda scary btw. Nice video man, really appreciate your effort on ti!",1,2024-02-20T21:26:47Z
@VectorHD05,This video deserves a lot of likes ❤️❤️❤️❤️❤️❤️❤️❤️,0,2024-02-20T21:26:04Z
@skywatcher6864,"We know that cell phone batteries cause various cancers, so what affect will the tiny battery have on the brain?",0,2024-02-20T21:01:29Z
@there_is_nothing_here,For 5 grand it better feel high end,0,2024-02-20T20:21:12Z
@tqmiguel,2nd most popular video in 2 weeks 💪,0,2024-02-20T20:06:34Z
@kingkeemtv8532,lol ama wait till it gets cheaper like the phones 😊,0,2024-02-20T19:01:49Z
@harshkum,"If Matrix movie was made in today's time, Neo could enter the matrix using this device.",0,2024-02-20T18:51:42Z
@nordys081,Say bye to your freedoms...they will control you and people are to brainwashed to see it,0,2024-02-20T17:14:00Z
@franklinmayoyo,"""The product you don't really need""",0,2024-02-20T17:11:29Z
@leemiller4321,Mindblowing,0,2024-02-20T16:32:24Z
@Mr.Robato,There is no way I'm the only one that thinks this is a rip off. 🤣🤣.  No YouTube no Netflix. Android should definitely retaliate.,0,2024-02-20T14:31:45Z
@charlesballiet7074,yea i dont expect much software to be made for a device with a market cap of like 2000 people,0,2024-02-20T14:26:47Z
@HorazioZan,this thing was predicted in back to the future 2,0,2024-02-20T13:17:45Z
@DrivingintotheFuture,Crazy and well done Marques,1,2024-02-20T12:55:27Z
@Oldphone4,MAY LORD HAVE MERCY,0,2024-02-20T12:41:09Z
@tonyabbott6586,I recon this would be epic for Pokémon Go. Imagine walking down the street and seeing a Gym or Poké stop in 3D you can interact with and Pokémon running out in front of you.,31,2024-02-20T12:40:54Z
@CreativeManiak,Reviewing Apple product whlie using S24 Ultra 😂👏👏👏,0,2024-02-20T09:48:48Z
@coldsavagegod7101,"It's a good product, but considering watching movies and videos in such an immersive experience was one of the unique selling points of the Vision Pro, it's kind of disappointing that netflix and youtube won't be on it",0,2024-02-20T06:53:10Z
@ecmphg,"bro called it ""brain cycles"". he's fully integrated.",3,2024-02-20T06:38:20Z
@ehayes496,"I returned mine. Its not worth a fraction of what it costs. It you decide to get into VR, I hate to say it but go with meta. It’s price alone puts it miles above the apple vision pro",0,2024-02-20T03:53:19Z
@nallmanallma5568,no thx horrible thing,0,2024-02-20T02:58:03Z
@Seagaltalk,What stupid device,1,2024-02-20T02:37:23Z
@MarshallArtz007,"I look in amazement at what the Vision Pro is capable of, but the learning curve seems huge. Not sure I could ever figure it out. 
🥽❓",0,2024-02-20T01:35:58Z
@boblarry5524,"Imagine apple partnered with app studios like Ninja Kiwi to bring games like Balloons Tower defense 3D to your coffee table, or ofc your toilet. Then id pay 4k.",1,2024-02-19T23:25:00Z
@d_sparrow,I hope this is not future,3,2024-02-19T23:06:08Z
@shehzadamanat007,"I am imagining when it will support two Macs, and when it does, I will buy two Macs and a Vision Pro to do the work and exciting things on Vision Pro at the same time with work",0,2024-02-19T22:38:48Z
@lessonsfromfilms5101,"this is what Tony Stark felt like in Iron man I. This gives off said vibes, Jarvis bring up the sciency thingy hahaha...",0,2024-02-19T21:16:25Z
@SturmFlut,"> ""They want you to default to putting the battery in your back pocket""
> Puts the battery in his front pocket, fits perfectly

Please respect the person at Apple who's spent the last three years researching back pockets",0,2024-02-19T20:29:36Z
@felimoll,But what if you have like a eye problem like needing glasses to see near objects. Wouldn't that affect wearing a Vision pro?,0,2024-02-19T19:47:58Z
@brycefrank5983,Help me 😢,0,2024-02-19T18:57:48Z
@brycefrank5983,Help me get one PLEASE IF YOU SEE THIS,0,2024-02-19T18:49:57Z
@bryanmarte484,So what if you open netflix on your mac then get the vision pro conected to the mac 🤔,0,2024-02-19T18:08:14Z
@jairomurcia14,I am all ready an avatar in my body. 👽,0,2024-02-19T17:46:27Z
@milkyboltz,"This is like cyberpunk edgerunner where they just pickup calls and messages in their eyes so there’s no need for phones anymore, you could also change your fov in real life now lol",0,2024-02-19T15:58:16Z
@TheRealA.D420,i hope it´ll be achievable for everyone in the future,0,2024-02-19T15:56:09Z
@milkyboltz,When will they invent sword art online tech,0,2024-02-19T15:44:20Z
@gh0stface811,People really have no life. Leave all those craps and go enjoy real life and some sun outside. You'll be happier 😂,1,2024-02-19T15:35:49Z
@theartysquid,"Not through the video yet, but judging by apps so far, basically this thing is a $ 4,000 iPad? Man, these Apple guys are geniuses.",0,2024-02-19T13:46:44Z
@nickthehero-v5j,This sucks lol. There's no use for such thing in a real world. Great presentation thought.,0,2024-02-19T10:14:22Z
@MrGamerdon,i have a squint in one eye do yo think this will work for me ?,0,2024-02-19T09:53:23Z
@WanderingMist1,"Probably a very silly question but.....What about people with glasses? Do you wear this thing without your glasses on, and if so does the device adjust for the lack of vision? Or is this product exclusively for those with perfect vision already?",0,2024-02-19T09:49:19Z
@URAZKIVANER,"What people are forgetting is that a healthy person's peripheral vision is 180 degrees, and Apple Vision Pro gives you 110. So when you fool yourself that you have a big screen in front of you, that feeling is compared to your newly adapted peripheral vision, which is actually pretty small compared to your actual peripheral vision. So Apple users, do not kid yourselves with those measurements. I saw a reviewer saying he does not need a bigger screen in front of him because he is forced to look right and left. 😅 And he forgets the fact that it is the lack of that device's capability, not yours. 😂 So please stop comparing Apple Vision's monitor illusions to an actual super ultrawide monitor that fills your entire actual peripheral vision.",0,2024-02-19T09:12:03Z
@davidnjuguna9477,There are air intakes around your nose area with exhausts above your eyes .... do they filter the air in readiness for the next respiratory pandemic?,0,2024-02-19T05:55:38Z
@umarabid150,29:00 at least it makes you smile,0,2024-02-19T05:23:49Z
@salmopr,"imaging you at the bus stop with that thing on ,,",0,2024-02-19T04:32:57Z
@Bernardo_Perez_Lince,Not being able to wear glasses might be a huge problem.,0,2024-02-19T03:54:53Z
@YishEyeYo,The educational applications of this technology is mindblowing...,0,2024-02-19T03:22:27Z
@YishEyeYo,This dude sounds like his name Tanner,0,2024-02-19T03:05:12Z
@jaycorvo6115,Damn... VTubers are gonna be crazy now,0,2024-02-19T02:03:08Z
@cheefoldav,amazing AR+VR implementation,0,2024-02-19T01:17:05Z
@brianmader7206,Excellent Review. Does anyone else feel like this product is a complete waste of money and resources? I think I am getting too old for this world...,0,2024-02-19T00:33:57Z
@frankjeremywashington,"28:27 you help it like an iphone, the voice however said to hold it at eye level!",0,2024-02-19T00:16:52Z
@studiouswadoo5027,"The thing I like about Apple is they've been such forward thinkers, so I think ""spatial computing"" is a really good name for this technology. Just the features with the facetime calls or zoom meetings makes you wonder how good it'll be once the vision 2 or 3 comes out. By that time there will probably be more app capability",0,2024-02-18T22:38:03Z
@KingNidus,Life about to be like Altered Carbon,0,2024-02-18T22:14:28Z
@theengineer8290,"Nice review. Seems like a huge waste of money to me, no practical use in everyday life.",0,2024-02-18T18:46:08Z
@kreativnepa7667,Take a bite from the apple at your own risk.,0,2024-02-18T18:31:04Z
@usandmexico,Just came to say LoL after watching a video of someone making fun of it.,0,2024-02-18T17:29:39Z
@Old-School-Liberal,The ladder in the background is really distracting,0,2024-02-18T17:26:04Z
@FatherDarknessMaLo,Dude... the best review I've seen of this yet... sweet i have not liked Apple products before very much but this one... seems pretty dang fun... the price though... dayum... might have to wait a bit but... you definitely seem to have sold it to me!,0,2024-02-18T16:47:52Z
@ekrecords7481,crap tech,0,2024-02-18T16:13:30Z
@srivaibhav5359,"ok guys idk if its a coincidence or something, im watching mr robot again and in s2 ep4 at 13:01 in the train a girl is wearing apple vision pro, and that episode was released in july 27 2016...",0,2024-02-18T15:49:46Z
@Fithomiesinc,Worst pice of equipment humans ever created! This will destroy society,0,2024-02-18T15:30:49Z
@dead23847,Me watching this with -2.5 $ in my bank 💀,0,2024-02-18T15:20:01Z
@sentientbeingsnews1098,I’m impressed 😂,0,2024-02-18T15:06:14Z
@WellenlaengeVT,The conferencing capability is really cool. And makes total sence. For companys big telepresence system like a Cisco TX9000 or Poly RealPresence are around half a million dollars excluding installation (and use for the room). So this is super interesting. And of course the usual AR/VR training and presentation use cases.,0,2024-02-18T14:50:47Z
@patrickkaman3647,It would be cool to use street view in a free roaming type of set up,1,2024-02-18T13:48:44Z
@DV27SG,Must have water mark in  video.,0,2024-02-18T13:18:05Z
@merdeka-001,I will wait for Android vision pro,1,2024-02-18T12:23:43Z
@henriraig2242,Do you need every apple  product.,0,2024-02-18T11:23:41Z
@felixgutierrez993,Whenever you put it on it looks like the dude from Ready Player One lol,0,2024-02-18T11:18:50Z
@felixgutierrez993,"As computers get smaller and more powerful these innovations will get cooler and even kinda scary. Not an Apple user but this device looks hella awesome and innovated. This could be the future, but for now walking with this would look absolutely ridiculous! 🤣👍(I could totally see myself chilling with the full immersion setting with music playing in the background lol... that sounds dystopian holy crap)",0,2024-02-18T11:06:47Z
@kazuki4669,bro turned into a apple npc,0,2024-02-18T10:27:30Z
@sahiphopNETWORK,first it was a desktop then a laptop and now head top,0,2024-02-18T10:08:31Z
@Psoewish,"This is so cool, like it's absolutely not for me for so many reasons, but as someone that grew up with cassette players and CRT TVs, this is kind of mindblowing how far we've come lol.",78,2024-02-18T09:19:46Z
@khxml,"29:40 ""Paperbag Color Test complete.",0,2024-02-18T07:33:40Z
@toghome,Thanks!,0,2024-02-18T07:14:39Z
@muhammedrashid2757,I see a fedex vechicle passing behind your window 35:32,1,2024-02-18T05:21:56Z
@SkillzMDA,I will not be using these goggles. Not getting my eye matrix copied and stolen. My own personal security risk!! VERY RISKY!!,0,2024-02-18T04:40:07Z
@user-bx4dc9nm1x,Next time force ghost persona filter,0,2024-02-18T04:36:27Z
@superchargr828,Readers+Android = Apple vision pro,0,2024-02-18T03:01:59Z
@ImSaneee,Cool enough but i wouldnt pay that much for it,1,2024-02-18T02:23:03Z
@Albert_Slzr,"Your hands trought the headset lens looks like a simulation, not the real hands. It looks funny.",0,2024-02-18T02:10:08Z
@techienate,"Wild, it really looks like the future. If I could play PCVR games with it, I'd want it.",0,2024-02-18T01:57:53Z
@lunabeann,Im kinda blown away apple would even bother developing this,0,2024-02-18T01:10:15Z
@lunabeann,I feel like needing to look at the thing you are controlling is stupid and un efficient,0,2024-02-18T00:42:35Z
@vee7s-end209,One thing similar in ad and reality dark skin 😂,0,2024-02-18T00:36:22Z
@cedrics7374,"Looked amazing until you mentioned the price point 😮 not as adventurous as you, need some decent reasons to spend that cash",0,2024-02-18T00:18:12Z
@motomandan2834,too bad apple sucks,0,2024-02-17T23:57:44Z
@robertbalfe6216,"Its like your just a pasted animation of what it recorded on setup, and the mic has it own coded work to move what it grabbed on setup for your person.",0,2024-02-17T23:31:32Z
@rayenseraus7961,just called it hybrit end off discution,0,2024-02-17T22:39:15Z
@NARRASSAFilmes,Headache?,0,2024-02-17T22:35:40Z
@DavidKhudaverdyan,Did anyone already comment it mA*h doesn’t measure the energy. mWt*h does. So you need to multiply it by the Voltage do get the energy. It has higher voltage than standard power banks for smartphones,0,2024-02-17T22:12:27Z
@thesis_gaia7960,"So they where relaunching the same phone since 2010 just changing the price and removing features to fund this thing, heh?",0,2024-02-17T19:32:16Z
@robertvazquez2964,For all the data they will be stealing from us these things should be free I rather go do real life activities with my time and money,0,2024-02-17T19:30:27Z
@AiAbuser10,I eat chicken,0,2024-02-17T18:41:56Z
@spoiledbabykitty,How long till someone hacks the personas so you end up talking to hello kitty during your work meeting.,0,2024-02-17T17:51:04Z
@Hugh_Junet,Apple going to find a way to drop the Vision Pro max in a year,0,2024-02-17T17:15:36Z
@kesha4273,Goodbye peoples social life and human Interaction,4,2024-02-17T15:40:34Z
@BrentBestwick,ReadyPlayerOne right on schedule,0,2024-02-17T15:30:42Z
@mtpcomputer4932,so you figured out why?,0,2024-02-17T15:24:04Z
@victorarregnelle8976,i guess i changed my mind. I wouldn't mind it that much to have a chip brain implant,0,2024-02-17T14:19:44Z
@silverlw1,Gay!,1,2024-02-17T14:18:18Z
@Youtubedownloaduk,Thanks for the great easy to follow videos..! Worth a sub! Just wondering when it will be coming to the uk? 🎉,0,2024-02-17T12:46:19Z
@brankogredelj6153,"This is nothing but impressive. It's a similar technological leap to iPhone 1, and with an equally high degree of refinement of ideas and execution. Steve would be proud.",1,2024-02-17T09:51:02Z
@davethekiwibloke,"This is going to be only a niche product...the price is waaaaay to high for what it delivers, yes it's good quality, but really, who in the real world is going to spend that much on what really is just a fancy ipad...a handful of die-hard apple fans yes, but it's not going to convert anybody using existing PCVR or standalone headsets that are as good, if not better in many ways, and have a massive catalogue of apps and experiences already in place to utilise.",0,2024-02-17T09:50:12Z
@sanilf5889,"You are wrong, removing cable is not the only way to turn off vision. Press both the buttons on the top at the same time, and it will ask you to turn off power. @marques",0,2024-02-17T07:24:04Z
@luckzzyyFR,Advanced Tech IS Magic.,0,2024-02-17T06:52:20Z
@luckzzyyFR,If we showed this to someone in the 1700s they would think it's magic,0,2024-02-17T06:51:57Z
@luckzzyyFR,"these are absolutely awesome, tech is definitely improving wow",2,2024-02-17T06:51:31Z
@steadyrow,they need to open up their soft to independent developers more. That's where the cool shit is gonna happen.,0,2024-02-17T06:10:04Z
@ThermaL-ty7bw,"when prices drop from 3499 to about 499 , give me a call 
and even That is a price WAY to high for the product you get ...
it's not made of gold , now is it .. ? it's the AI you're paying for and we all know That isn't anything special , at all , it's AI , code on a chip , that's it ...",1,2024-02-17T03:25:06Z
@johnboyjoy,"**$3000 product**

No off button",0,2024-02-17T03:08:55Z
@johnboyjoy,All the weight on the front of my face? Kinky,0,2024-02-17T03:07:44Z
@AyanBgYT,THE GREATEST HEADSET THATS EVER LIVED!!!!!!!!!!,0,2024-02-17T02:29:01Z
@davidpardo4669,"Google glasses were way better in the sense of style and not looking crazy tho, imagine they continued that path...",0,2024-02-17T01:28:21Z
@v0id_scaveng3r36,"man, i too love the ""Ready Player One"" series too! glad none of this is real :D",0,2024-02-17T01:08:43Z
@joesith9309,Great video. Well done. I also like that while you’re talking apple integration you’re featuring a Samsung phone for your video notes.,0,2024-02-17T00:27:37Z
@JishanRumi,"Please buddy stop using it. Areas covered by it not getting sunlight. Specially dont use it outside under direct sunlight or in nice summer trip. 
Soon everyones face is going to turn into something similar after removing bikini 😁🤣😁",0,2024-02-16T23:35:58Z
@uncharted7againblackking256,No youtube nope i wont buy it until they add at least youtube,3,2024-02-16T20:44:13Z
@AraceliLunamendez,Xeventy's strategic partnerships reflect a forward-thinking approach. Looking forward to the positive ripple effects!,0,2024-02-16T20:34:11Z
@real_elPANTERA,"Using that in public only indicates that you have good loot to steal.
Also, mark my words: Apple will see and record EVERYTHING.",0,2024-02-16T20:26:35Z
@mynnwoo,"I guess I won't buy Vision Pro until I can type fast with it, otherwise the dumb keyboard would drive me crazy",0,2024-02-16T20:15:22Z
@saidul02,i will be on it from gen3,0,2024-02-16T20:05:20Z
@hayat4251,Like if you want Tony Stark to be the next CEO of Apple.,0,2024-02-16T19:52:10Z
@kathinacalip2046,well covered:),0,2024-02-16T19:38:31Z
@kadrikarakoc807,"imho using VR headsets anything other than immersive gaming, feels a lttle ''forced'' to me. You can watch movies in a real screen rather than a virtual one, yo can read messages, open music or play candy crush on your phone, rather than your virtual floating screen. Using VR for these things is like using it for saying i am using it. But there is no other way than VR headset to feeling like sitting inside a racing car. Affordable way at least, if you are rich you can build a 100k simulator setup :D",0,2024-02-16T19:28:10Z
@PeBoVision,"VR Gaming ????? If I'm going to spend 4 Grand on a headset, I need to know how well it does with Steam VR??? How (and how well) do games control ?  Every other feature is just uber-cool gadgetry, not (imo) worth paying 4 Grand for when there are other pro-level alternatives in a lower price space.
I know Apple hates to focus attention on gaming, but it is a large portion of the headset demographic. Also, how well does it interconnect with non-Apple hardware for us mere humans?",0,2024-02-16T19:24:13Z
@Duanys_Porto,"I think the future version will be a light helmet with everything integrated, airpods,vision pro and the chip of Elon😮",0,2024-02-16T19:10:45Z
@kadrikarakoc807,that persona part was like some a fcked up  black mirror thing.,0,2024-02-16T19:07:48Z
@philliponfri7938,Have you or anyone with one tried to use it to decorate a room let's say. Can you take furniture from a pic or store etc.. and place it into the room to see what it will look like?,0,2024-02-16T18:53:28Z
@vlad-n3l7e,I find it cool,0,2024-02-16T18:37:41Z
@nathanburgett1599,A battery discharging while chargimg kills the max life of the battery rather rapidly.,0,2024-02-16T18:27:35Z
@nicola_fiorentino,"so you can have a legal hallucination about the reality. You can live in a boring town, but work next to a river in the mountain (until you take the Vision Pro off). This things makes h€ro1n useless.",0,2024-02-16T18:00:42Z
@wazeershaik2543,Imagine gaming with this. Using the controller ofcourse,2,2024-02-16T16:54:07Z
@joyfulisabel5017,"They are isolating us more and more, we don’t need this crap",0,2024-02-16T16:17:58Z
@pepetotm,I hope blood flow to our face or eyes is smooth like we're not wearing it.,0,2024-02-16T15:38:51Z
@sasankaChandradasa,They are the game changers!!!!,0,2024-02-16T14:50:18Z
@Himmelgrau68,"With all these cool new augmented reality headsets coming out, I wonder if it is worth it to buy a new TV?",0,2024-02-16T13:48:07Z
@lokingloking,u use android...shame on u :),0,2024-02-16T13:12:05Z
@ummaindianboy,"OMG, Marques Bro It's Truth. 
I Was Not To Awareness.",0,2024-02-16T12:35:52Z
@navoo7007,watching from my quest 3,0,2024-02-16T12:34:02Z
@skyd34th,"It's a pity that it has to be labeled as a 'spatial computer' instead of being recognized as Apple's AR/VR device with controllers. I would prefer Apple to compete with Quest 3, leveraging the power of the M2 chip, micro-OLED screens, and their superior tracking quality. This could enable games like Resident Evil Village to reach PS5 quality on a wireless device.",0,2024-02-16T12:13:39Z
@janisir4529,This is a lot of tech to do basically nothing important.,0,2024-02-16T12:11:38Z
@LuxuryYacht-y4m,And here we thought Google Glass looked nerdy.,0,2024-02-16T11:09:26Z
@layeredman2856,Time to goon with this,0,2024-02-16T11:01:22Z
@jupreindeer9500,Remarking on the thumb nail. Left: Diving goggles. Right: Those glasses from the 'V' series.,0,2024-02-16T10:11:38Z
@Matt-nw2te,This is cool and also absolutely scary!,0,2024-02-16T09:59:34Z
@JacksJ007,You could use YouTube on your laptop via these,0,2024-02-16T08:24:48Z
@exploringlife738,"The Missing Piece: a review of what happens if you use VR for an extended time, especially for full-time work environments. Back in the 1990's I was at a seminar featuring Maxine Brown of UIC's ImmersaDesk. Wearing no headset, and seated at a non-VR table, she was unable to speak without her hands floating around her, memory-driven, as if plucking information within her VR space. Now ... I test at 99% Spatial Reasoning, and would adore using VR for everything ... but having seen her inability to disengage her body enough to retrieve thoughts and vocalize without that accompanying physical mimic ... made me realize I would never really want to go down such a virtual rabbit hole when I already enjoy an internal spatial vr-type-ability on my own. I felt sad for her artificial VR tick, but also felt free and at peace for myself over a technology I'd (needlessly) yearned over for decades.,",1,2024-02-16T06:31:46Z
@sarys73,"Simply put why it sucks. I already hate having to wear eye glasses. Wearing this, even worse. Gesture instead of move wrist and just a click of a mouse, is reall shitty. I wouldn't buy this if it were $50. $25 maybe",1,2024-02-16T05:35:54Z
@chronix1584,The moment you realize you're already wearing the headset,0,2024-02-16T05:23:17Z
@tzeffsmainchannel,"26:39 That's because in the ads, the camera is not looking from an angle upwards to the user. The camera must be facing the Apple Vission Pro directly!",0,2024-02-16T04:35:17Z
@tzeffsmainchannel,"The Vision Pro *could be* the best ""mobile phone/music pod/internet/gaming device"" of the decade! 32:35
But *its price is the Real Killer!!!*",0,2024-02-16T04:25:22Z
@ducksmoker8491,"In the 1920's: We'll have flying cars and no disease or famine!
2024: Look, TV that you can wear on your head!",0,2024-02-16T04:23:01Z
@coolmgr1987,This gone be a revolutionary gadget in porn industry 😂,0,2024-02-16T04:01:44Z
@LM77va,30:01 Can't wear my glasses? Fuuhhhhh,0,2024-02-16T03:40:16Z
@ryandunn8317,Okay but what if you were talking to yourself or just talking making noise and you see a shadow start to appear but you are alone 😮😮😮,0,2024-02-16T03:24:45Z
@JosephmChen,Best tech review ever,0,2024-02-16T01:37:43Z
@zants_,"26:42 I feel like nobody's talking about the fact that the displayed eyes also sit higher on your face than in reality (at certain angles, like 26:33, they even look like they're on your forehead; in general, though, they look 1-3 cm higher at all times), adding to the uncanny-valley feeling.  I'm interested why Apple didn't want to make them appear lower (more lifelike).",0,2024-02-16T01:30:22Z
@zants_,"26:08 ""The fog of w..."" -- me: he's not actually going to say 'war', right? -- ""....hatever""  -- OHHH",0,2024-02-16T01:25:58Z
@GG_Booboo,"It’s a VR headset, plain and simple!",0,2024-02-16T01:06:52Z
@Casualzz,"Why is no one talking about the battery on the headset other MKBHD here??? While the wire hangs around (like it is 80s and wires are hanging from headset to the walkman), battery lasts only measly horrible 2 hours... 2 ... hours... like, seriously? I am afraid to ask what is the charging time to be honest... but all in all - not my cup of tea... movin on...",0,2024-02-16T00:26:21Z
@NeuraPod,Great overview.,0,2024-02-16T00:19:45Z
@DanClapp,will there be a p hub app for this?,0,2024-02-15T23:09:24Z
@johnyliltoe,"I think I see where this is going. The vision pro will become an accessory to smaller, portable mac computers; they're liking keeping the battery separate to train their customers to get used to carrying something around. A separate computer piece would allow versatility in how it's used; both VR/AR and desktop modes, as well as allow the actual headset to shrink and become more comfortable.",4,2024-02-15T22:20:59Z
@chrismunoz3739,So can you wear glasses with it and what if you have no arms?,0,2024-02-15T22:19:54Z
@Intiiiiii,why does the mac have a windows background???,0,2024-02-15T21:31:28Z
@classicwinger6,"The hand calibration reminded me of the Community VR episode. “Calibrate the system by looking at your hands, then turning them over and looking at the back of your hands with a sense of wonder.” 😂",0,2024-02-15T21:23:53Z
@tzeffsmainchannel,"Apple is *CORRECT* not to call it a VR headset because it's a AR headset - *AUGMENTED REALITY* headset! Explaination: In VR, EVERYTHING is created digitally, hence VR videogames. On the other hand - *Augmented REALITY* shows you the *REAL world* ...but enhances it by adding a hud , text, colors, icons etc. for you to spot *real life objects* easier! 12:55 Ignore what I sadi! 😵‍💫",0,2024-02-15T21:06:40Z
@CryptoSapien,Have you ever seen the Magic Leap AR headset?,0,2024-02-15T20:43:32Z
@richardyaker3841,Can the display for MAC feature work with shell closed?,0,2024-02-15T20:20:44Z
@mikepeebles,AVP 2,0,2024-02-15T20:19:34Z
@realpowergm,Why only in this video i can go to home screen and still the video is playing in float… am not using youtube premium…. How this is possible in only this video?,0,2024-02-15T19:24:18Z
@baguettio,the apple vision pro is sad and stupid,0,2024-02-15T19:11:13Z
@Deltastuff_9,2nd most viewed on this channel 2w,0,2024-02-15T19:05:13Z
@Humble421,W video 💪,0,2024-02-15T17:57:40Z
@ElabDophins,Can you u play call of duty... Multi player,0,2024-02-15T17:54:00Z
@allergictobs9751,"They should have launched Skyrim on this, than I think 4000 would have been worth it.",0,2024-02-15T16:47:32Z
@Rockport1911,22:40 So in the future the Apple Vision Pro will be bundled with a MacBook thats missing its screen as an input method for Passthrough?,0,2024-02-15T16:30:03Z
@Rockport1911,"Nice video, as a noob I just dont see a use case for this longterm. Gaming on a 500 usd Quest 3 with some good titles to go with it, great hobby. But spending 3,5k usd on this without any great apps/ games at launch? What does watching a Youtube video on an augmented moon give me more than my PC setup? Apple products usually aint a good investment but this sounds like a very expensive niche product to me. Then theres all the practical limitations of having a headset on when the task could very well be done with a normal screen setup much more comfortable...",0,2024-02-15T16:24:03Z
@malsawmtluangapachuau8406,Soon we will play Sword art online😂,0,2024-02-15T16:12:28Z
@MicheleeiRettili,"as a proof of concept, this is the first step of an awesome AWESOME technolgy.",1,2024-02-15T15:46:30Z
@jrkjrk5994,😅😢😢😢😢f,0,2024-02-15T14:45:03Z
@kontploffing,"I actually, literally like this video


.... 🎉🎉",0,2024-02-15T13:14:12Z
@chipperlevy8130,Pupils and charging,0,2024-02-15T13:05:44Z
@JAB_the_Tab,it's uncanny because of the eyes. they're too bright,0,2024-02-15T12:52:27Z
@Shwed1982,Vr is such an overhyped scam,0,2024-02-15T11:42:24Z
@user-um7tw6kx4r6,2:00... I'm sure they'll figure out how to make them lighter/smaller so ladies won't get a MIGRAINE from wearing them. Until then I won't try any of these huge VR headsets,0,2024-02-15T11:35:10Z
@hyperterminal_reborn,"One huge downside is practicality. As well as the Mac Connect thing or the Apple Music app works on the Vision Pro, tell me, how many times are you actually going to go through the effort of putting a whole half a kilogram aluminum case on your head and charge it additionally, carrying it in a case that’s like 5 times thicker than your MacBook. 

VR/AR headsets are exactly where they were about ten years ago: cool gimmicks that’ll just collect dust after the first month or so of usage.

The only way VR/AR picks up is if they manage to shrink it to a smaller form factor with all day battery life. The former, Google already tried with Google Glasses and were partly successful but with the battery technology storage today, no way it’s gonna be possible to store all day battery life in a package that small. 

And above all, charging absurd amounts, upwards of 3000 dollars is gonna steer people away all the more, it’ll be nothing more than a shiny toy.",0,2024-02-15T11:34:22Z
@mmxvll2796,15:03 wdym marques 😂😂😂 wdym 😂😂😂😂😂,0,2024-02-15T11:17:27Z
@TomatoMayhem,"Let's be honest, these are gonna be used to watch porn and binge TikToks. Apple and other companies will use these to further track your every single move and behaviors and you will no longer even own your thoughts. 
You will loose that last part of your humanity and further disconnect you from the actual world until you have no relation to it. 

The tech on display here is awesome for sure, but it will be used for sinister and predatory purposes and we will see suicide rates and depression on a scale we have yet to even fathom if these are to replace our phones. 
Don't buy into your own doom. Slow things down in your life, be more assertive with your time and actions. Stay in reality for a while and you will be better off for it.",0,2024-02-15T11:00:05Z
@sandracockrum17,Can turn off with the headset buttons & immersively.  You don't simply pull the power - and ma6be shouldn't.,0,2024-02-15T10:58:55Z
@SaltAndPepper.4U,"I am wondering .. like I saw in an ad, people wearing shuch headset are walking on road and pinching doing their stuff simultaneously. If for some reason, the camera feed screen fails to refresh, and the person doesn't catch this immediately. And if he was crossing road in hurry, a vehicle which is still away as per the headset, would crash with him in realtime.",0,2024-02-15T10:09:30Z
@lukacrayz,Why would you willingly give away all your biometric data to a company so you could be hacked at any time?,1,2024-02-15T08:39:07Z
@MathwisYT,"I dont get these ""personas"" or avatars... Just put my actual face there. Sounds like a solution in search of a problem. Also the outside looking screen and sensors that are only for facial recognition are expensive power hungry dead weights. And that is coming from me, a sci-fi lover...",1,2024-02-15T08:32:01Z
@aghasheeraz1,These are very expensive in Pakistan🙄,0,2024-02-15T07:15:36Z
@tinafeyalien,So the Apple Vision Pro is racist,0,2024-02-15T07:08:43Z
@LastsailorEgy,"It has been very long since I saw such an impressive, fresh video, kudos to the product and the presenter.",1,2024-02-15T05:29:04Z
@aurangzebshaikh7790,Awesome ❤,0,2024-02-15T05:01:46Z
@joshmorais81,You can shut it off while using it without taking the plug out,0,2024-02-15T04:39:33Z
@depreciatingasset,The battery comments are surprisingly ignorant for the caliber of this channel and Jerryrigeverything explained it quickly. It's bcz the voltage is much higher. You have to look at power in Wh not mAh,0,2024-02-15T03:55:23Z
@nedbigsby8351,20:16 see yeah,0,2024-02-15T03:36:08Z
@AikooGR86,This is insane!! Bro I can hook up to the computer and play games while having I music and discord open,0,2024-02-15T03:27:34Z
@Styeeziez,Just stumbled on your review and channel. My only comment/perspective (slight at best): This is like FPV to me as when you are placing your body into the imaginary cockpit of a drone you are augmenting your reality. I wonder if that learning curve is lessened?,0,2024-02-15T02:36:22Z
@MostlyFree-vh1uq,This is the dumbest tech I've seen in awhile lol,0,2024-02-15T02:05:50Z
@eyesbehinddarkness,This product should be banned,0,2024-02-15T01:33:50Z
@BLK_dimNd,"Actually the headset can be turned off. 
Press and hold the crown and the top button simultaneously for about 4seconds while wearing the headset and the option to switch off will appear. 
You can also shut it down through the general tab in settings.
Thank me later.",1,2024-02-15T00:41:27Z
@rollerblader5350,The Apple Vision Pro are cool for a day or two. Then you realise that you paid 4.000 for the experience and that they are almost useless....,0,2024-02-15T00:27:05Z
@valterpereiracjr,One of the best video I watched. I like how you were able to provide a lot of details about this product. I am definitively getting one Apple Visio Pro. Thank you!,4,2024-02-15T00:17:18Z
@TonyJacobs-ii3nh,One of the best tech reviews ive ever seen. i wasn't bored a bit and half and hour passed like it was 10 to 12 minute. great video as always,288,2024-02-14T23:35:54Z
@peterhertzog007,Was an amazing overview loved how the shadow appeared under window. Unfortunately after 3 fittings I had to return mine as it kept putting pressure on my sinuses and would give me a pressure headache. I'm sure this is not everyone's experience I hope it gets resolved so I can get anyone.,0,2024-02-14T23:22:54Z
@vwiccy,"Great review - my interest level is just slightly increased … some promising steps for the future - but currently I’m thinking ‘oh my neck’, lol",0,2024-02-14T23:14:58Z
@-vaniii-,"4:48 the battery is 13v so the low mAh makes sense, the energy is still abt the same as a 10 000 mah power bank (also the voltage is interesting, it might actually be lithium iron phosphate cells in there)",0,2024-02-14T23:08:39Z
@flamburger05,This video convinced me to get an Apple Vision Pro. If I had the money.,0,2024-02-14T22:25:23Z
@Aapp-r5w,Fucking hell 30 seconds of ads 😮,0,2024-02-14T22:15:47Z
@markvaughan4278,it needs to adjust for presbyopia somehow without additional lenses.,0,2024-02-14T22:13:51Z
@mrcoolcanon,"Bruhhh, i feel like I'm not ready for the future at alll",0,2024-02-14T21:55:18Z
@neck10,unfortunately for me i’m extremely nearsighted so i couldn’t use this even if i could afford ot,0,2024-02-14T21:30:36Z
@invest_in_dogecoin6398,White countries matter,0,2024-02-14T21:28:38Z
@invest_in_dogecoin6398,White lives matter,0,2024-02-14T21:28:29Z
@MightySheep,I dunno why I just watched this whole thing I dont even care about VR headsets,1,2024-02-14T21:08:42Z
@jonnyreverb,"Have you ever used Steam in VR? Things that stay in place are not new, that's how you walk around VR rooms without running into the wall. So this thing tracks your eyes (HTC 2017), it has a better camera, and knows when you pinch your fingers... I'll wait for the Chinese or Android knock-off.",0,2024-02-14T20:45:58Z
@kia11067k,"thats actually amazing cool, won't buy but very cool",0,2024-02-14T20:33:29Z
@esneksama,"yow, can't wear that in the streets of San Fran....it will snatched right away ..",0,2024-02-14T20:32:59Z
@arielsokol1307,"Marques delivers an exceptional breakdown of the Vision Pro, showcasing its remarkable features and potential applications with unparalleled clarity. His thorough examination of the device's capabilities, particularly the innovative eye and hand tracking technology, highlights its revolutionary impact on the VR landscape. 

While addressing the downsides of the Vision Pro, including its weight, battery life, and current app selection, Marques maintains an objective and balanced perspective, ensuring viewers receive a comprehensive evaluation. His insightful analysis encourages critical thinking and fosters meaningful discussion about the future of VR technology.

Marques, this is the first time I've seen a video of yours.  18.4 million subscribers?  Wow.",3,2024-02-14T20:12:16Z
@tangowhiskeybravo,Awesome intro. Thanks!,0,2024-02-14T19:23:51Z
@emmanuelalabi1560,"Ive never understood a topic like today 
Bro is a born lecturer",0,2024-02-14T19:23:16Z
@obethermy,They look like the ones in the movie Ready Player One,0,2024-02-14T19:16:33Z
